{
"type": "FeatureCollection",
"name": "Campgrounds",
"crs": { "type": "name", "properties": { "name": "urn:ogc:def:crs:EPSG::3857" } },
"features": [
{ "type": "Feature", "properties": { "FID": 2074, "Campground": "Ritchey Creek Campground", "GISID": "GIS0006395", "TYPE": "Developed Family Camp Area", "SUBTYPE": null, "UNITNBR": "240", "DETAIL": "Ritchey Creek Campground", "UNITNAME": "Bothe-Napa Valley SP", "SHARE": null, "GlobalID": "{AC98673D-5387-4783-BB72-ED2987FA86AE}", "WHAT3WORD_": "camels.just.continues" }, "geometry": { "type": "Point", "coordinates": [ -13639496.1954, 4657348.494499996304512 ] } },
{ "type": "Feature", "properties": { "FID": 2075, "Campground": "Bothe-Napa Valley Group Camp", "GISID": "GIS0006396", "TYPE": "Developed Group Camp Area", "SUBTYPE": null, "UNITNBR": "240", "DETAIL": "Bothe-Napa Valley Group Camp", "UNITNAME": "Bothe-Napa Valley SP", "SHARE": null, "GlobalID": "{196BF388-E240-49EC-A361-4330849D07E8}", "WHAT3WORD_": "decline.awards.thinnest" }, "geometry": { "type": "Point", "coordinates": [ -13638520.9253, 4657386.783900000154972 ] } },
{ "type": "Feature", "properties": { "FID": 2076, "Campground": "Brannan Island Group Camp", "GISID": "GIS0006398", "TYPE": "Developed Group Camp Area", "SUBTYPE": null, "UNITNBR": "314", "DETAIL": "Brannan Island Group Camp", "UNITNAME": "Brannan Island SRA", "SHARE": null, "GlobalID": "{D089D94A-75A3-409E-8B95-613D918F27C5}", "WHAT3WORD_": "lighter.milked.spell" }, "geometry": { "type": "Point", "coordinates": [ -13546051.2752, 4596380.36540000140667 ] } },
{ "type": "Feature", "properties": { "FID": 2077, "Campground": "Walk-in Campsites", "GISID": "GIS0006399", "TYPE": "Developed Family Camp Area", "SUBTYPE": null, "UNITNBR": "314", "DETAIL": "Walk-in  Campsites", "UNITNAME": "Brannan Island SRA", "SHARE": null, "GlobalID": "{C880DECC-2000-48C3-953E-B6AD4C29B49C}", "WHAT3WORD_": "ranch.newts.rented" }, "geometry": { "type": "Point", "coordinates": [ -13546394.5845, 4595659.598899997770786 ] } },
{ "type": "Feature", "properties": { "FID": 2078, "Campground": "North Grove Campground", "GISID": "GIS0006400", "TYPE": "Developed Family Camp Area", "SUBTYPE": null, "UNITNBR": "306", "DETAIL": "North Grove Campground", "UNITNAME": "Calaveras Big Trees SP", "SHARE": null, "GlobalID": "{3C9F0EA0-DB71-479E-9486-C45DDB6C579E}", "WHAT3WORD_": "fantasy.incomplete.whistle" }, "geometry": { "type": "Point", "coordinates": [ -13392613.8324, 4618511.182800002396107 ] } },
{ "type": "Feature", "properties": { "FID": 2079, "Campground": "Group Campground", "GISID": "GIS0006401", "TYPE": "Developed Group Camp Area", "SUBTYPE": null, "UNITNBR": "306", "DETAIL": null, "UNITNAME": "Calaveras Big Trees SP", "SHARE": null, "GlobalID": "{394E0CD2-8CF3-4D18-A4EE-78B635625470}", "WHAT3WORD_": "supper.silvery.specified" }, "geometry": { "type": "Point", "coordinates": [ -13393233.3254, 4619130.309299997985363 ] } },
{ "type": "Feature", "properties": { "FID": 2080, "Campground": "Beaver Creek Environmental Camp Area", "GISID": "GIS0006402", "TYPE": "Environmental Camp Area", "SUBTYPE": null, "UNITNBR": "306", "DETAIL": "Beaver Creek Environmental Camp Area", "UNITNAME": "Calaveras Big Trees SP", "SHARE": null, "GlobalID": "{74106BB4-1630-454F-8A66-F76F34F3DFEC}", "WHAT3WORD_": "appoints.weaving.precise" }, "geometry": { "type": "Point", "coordinates": [ -13387526.977, 4614579.336199998855591 ] } },
{ "type": "Feature", "properties": { "FID": 2081, "Campground": "Sugar Pine Environmental Camp", "GISID": "GIS0006403", "TYPE": "Environmental Camp Area", "SUBTYPE": null, "UNITNBR": "306", "DETAIL": "Dardanelles Environmental Camp Area", "UNITNAME": "Calaveras Big Trees SP", "SHARE": null, "GlobalID": "{1F01A2DE-5743-4F32-864E-2CD6517D219E}", "WHAT3WORD_": "discussions.crammed.pinpoints" }, "geometry": { "type": "Point", "coordinates": [ -13391940.7948, 4618247.576099999248981 ] } },
{ "type": "Feature", "properties": { "FID": 2082, "Campground": "Memorial Parkway Environmental Camp Area", "GISID": "GIS0006404", "TYPE": "Environmental Camp Area", "SUBTYPE": null, "UNITNBR": "306", "DETAIL": "Memorial Parkway Environmental Camp Area", "UNITNAME": "Calaveras Big Trees SP", "SHARE": null, "GlobalID": "{1EEB5F83-0CFB-4281-9677-EFA25509AC0B}", "WHAT3WORD_": "crowded.ultrasound.backhand" }, "geometry": { "type": "Point", "coordinates": [ -13390981.1095, 4619183.913800001144409 ] } },
{ "type": "Feature", "properties": { "FID": 2083, "Campground": "Cole Creek Campground", "GISID": "GIS0006405", "TYPE": "Developed Family Camp Area", "SUBTYPE": null, "UNITNBR": "218", "DETAIL": "Cole Creek Campground, sites 1-26", "UNITNAME": "Clear Lake SP", "SHARE": null, "GlobalID": "{167A2F5A-99D9-4FD3-965A-AA0C7D94A311}", "WHAT3WORD_": "accuses.workouts.bearings" }, "geometry": { "type": "Point", "coordinates": [ -13671567.897300001233816, 4723557.664599999785423 ] } },
{ "type": "Feature", "properties": { "FID": 2084, "Campground": "Group Camp B", "GISID": "GIS0006406", "TYPE": "Developed Group Camp Area", "SUBTYPE": null, "UNITNBR": "218", "DETAIL": "Group Camps B - Accessible feature", "UNITNAME": "Clear Lake SP", "SHARE": null, "GlobalID": "{EAF52023-ACF8-4B6D-A6A3-8A8E27997111}", "WHAT3WORD_": "explores.tulips.latched" }, "geometry": { "type": "Point", "coordinates": [ -13671455.9099, 4724434.216700002551079 ] } },
{ "type": "Feature", "properties": { "FID": 2085, "Campground": "Doheny Campground", "GISID": "GIS0006407", "TYPE": "Developed Family Camp Area", "SUBTYPE": null, "UNITNBR": "610", "DETAIL": "Doheny Campground", "UNITNAME": "Doheny SB", "SHARE": null, "GlobalID": "{34EAED8F-BE12-438B-8652-0556349AEA55}", "WHAT3WORD_": "playing.detail.secret" }, "geometry": { "type": "Point", "coordinates": [ -13100120.9798, 3956815.345299996435642 ] } },
{ "type": "Feature", "properties": { "FID": 2086, "Campground": "Upper Eagle Point Campground", "GISID": "GIS0006408", "TYPE": "Developed Family Camp Area", "SUBTYPE": null, "UNITNBR": "313", "DETAIL": "Sites 1-34 of 100", "UNITNAME": "Emerald Bay SP", "SHARE": null, "GlobalID": "{B16EDC5F-04F9-449C-A808-8E414C648FB0}", "WHAT3WORD_": "flopping.spud.trunks" }, "geometry": { "type": "Point", "coordinates": [ -13367520.9721, 4715228.472699999809265 ] } },
{ "type": "Feature", "properties": { "FID": 2087, "Campground": "Emerald Bay Boat Camp", "GISID": "GIS0006409", "TYPE": "Developed Family Camp Area", "SUBTYPE": null, "UNITNBR": "313", "DETAIL": "Emerald Bay Boat Camp", "UNITNAME": "Emerald Bay SP", "SHARE": null, "GlobalID": "{34947D19-8926-4821-8725-9025DD6BE9AB}", "WHAT3WORD_": "parkland.scary.reduces" }, "geometry": { "type": "Point", "coordinates": [ -13369088.9071, 4715926.784500002861023 ] } },
{ "type": "Feature", "properties": { "FID": 2088, "Campground": "Group Campground", "GISID": "GIS0006410", "TYPE": "Developed Group Camp Area", "SUBTYPE": null, "UNITNBR": "303", "DETAIL": null, "UNITNAME": "D.L. Bliss SP", "SHARE": null, "GlobalID": "{36BCA986-2EFE-44C7-AC2C-63E5675B8280}", "WHAT3WORD_": "grouping.attract.intelligent" }, "geometry": { "type": "Point", "coordinates": [ -13370050.4849, 4720739.257100000977516 ] } },
{ "type": "Feature", "properties": { "FID": 2089, "Campground": "San Simeon Creek Campground", "GISID": "GIS0006411", "TYPE": "Developed Family Camp Area", "SUBTYPE": null, "UNITNBR": "487", "DETAIL": "San Simeon Creek Campground", "UNITNAME": "Hearst San Simeon SP", "SHARE": null, "GlobalID": "{10ACB9CE-5AC0-49F0-B931-7D2940203E90}", "WHAT3WORD_": "skirting.robs.jerseys" }, "geometry": { "type": "Point", "coordinates": [ -13483386.8622, 4245274.625299997627735 ] } },
{ "type": "Feature", "properties": { "FID": 2090, "Campground": "Washburn Campground", "GISID": "GIS0006412", "TYPE": "Primitive Family Camp Area", "SUBTYPE": null, "UNITNBR": "487", "DETAIL": "Washburn Campground", "UNITNAME": "Hearst San Simeon SP", "SHARE": null, "GlobalID": "{30863E6C-B4ED-429F-B509-18E3772F19A9}", "WHAT3WORD_": "liners.donkey.wilds" }, "geometry": { "type": "Point", "coordinates": [ -13482031.5474, 4245008.902099996805191 ] } },
{ "type": "Feature", "properties": { "FID": 2091, "Campground": "San Mateo Campground", "GISID": "GIS0006413", "TYPE": "Developed Family Camp Area", "SUBTYPE": null, "UNITNBR": "663", "DETAIL": "San Mateo Campground, 67 with hookups", "UNITNAME": "San Onofre SB", "SHARE": null, "GlobalID": "{26CEEA10-9E0E-493D-A30B-EE5042F5B0E2}", "WHAT3WORD_": "stretch.confesses.tolerance" }, "geometry": { "type": "Point", "coordinates": [ -13089426.405000001192093, 3949477.589000001549721 ] } },
{ "type": "Feature", "properties": { "FID": 2092, "Campground": "Basalt Campground", "GISID": "GIS0006415", "TYPE": "Developed Family Camp Area", "SUBTYPE": null, "UNITNBR": "333", "DETAIL": "Basalt Campground", "UNITNAME": "San Luis Reservoir SRA", "SHARE": null, "GlobalID": "{DBD56410-CBA2-459F-BDCC-CCA8756261BF}", "WHAT3WORD_": "thudded.avoids.flown" }, "geometry": { "type": "Point", "coordinates": [ -13476862.0929, 4443012.576099999248981 ] } },
{ "type": "Feature", "properties": { "FID": 2093, "Campground": "San Clemente Campground", "GISID": "GIS0006416", "TYPE": "Developed Family Camp Area", "SUBTYPE": null, "UNITNBR": "611", "DETAIL": "San Clemente Campground: RV with 72 hookup sites", "UNITNAME": "San Clemente SB", "SHARE": null, "GlobalID": "{BB2D26DF-3693-4E5C-AD5B-09C8C6B9AB54}", "WHAT3WORD_": "glittered.seasick.jeeps" }, "geometry": { "type": "Point", "coordinates": [ -13091296.1272, 3949132.612300001084805 ] } },
{ "type": "Feature", "properties": { "FID": 2094, "Campground": "Creekside Campground", "GISID": "GIS0006417", "TYPE": "Developed Family Camp Area", "SUBTYPE": null, "UNITNBR": "233", "DETAIL": null, "UNITNAME": "Samuel P. Taylor SP", "SHARE": null, "GlobalID": "{9D8D602A-9E7C-47F4-9AB0-9FCB8B500403}", "WHAT3WORD_": "proven.posts.boiled" }, "geometry": { "type": "Point", "coordinates": [ -13662781.0046, 4582352.137100003659725 ] } },
{ "type": "Feature", "properties": { "FID": 2095, "Campground": "Devil's Gulch #1", "GISID": "GIS0006418", "TYPE": "Horse Camp Area", "SUBTYPE": null, "UNITNBR": "233", "DETAIL": null, "UNITNAME": "Samuel P. Taylor SP", "SHARE": null, "GlobalID": "{16B274F0-524B-4AE4-85DE-5822F73A2560}", "WHAT3WORD_": "audibly.treasures.slurred" }, "geometry": { "type": "Point", "coordinates": [ -13662586.6408, 4583894.611199997365475 ] } },
{ "type": "Feature", "properties": { "FID": 2096, "Campground": "Gerstle Cove Campground", "GISID": "GIS0006419", "TYPE": "Developed Family Camp Area", "SUBTYPE": null, "UNITNBR": "248", "DETAIL": "Gerstle Cove Campground", "UNITNAME": "Salt Point SP", "SHARE": null, "GlobalID": "{ACA7D2EA-A226-4AA0-BC27-EF369207F55C}", "WHAT3WORD_": "animates.freedom.boiled" }, "geometry": { "type": "Point", "coordinates": [ -13728453.4929, 4660103.278499998152256 ] } },
{ "type": "Feature", "properties": { "FID": 2097, "Campground": "Woodside Campground", "GISID": "GIS0006420", "TYPE": "Developed Family Camp Area", "SUBTYPE": null, "UNITNBR": "248", "DETAIL": "fire-ring, picnic table, food locker, water", "UNITNAME": "Salt Point SP", "SHARE": null, "GlobalID": "{9E47325D-5081-4AEC-8AAD-CC702F0EDB0C}", "WHAT3WORD_": "fringes.regime.newer" }, "geometry": { "type": "Point", "coordinates": [ -13727071.2388, 4659646.682800002396107 ] } },
{ "type": "Feature", "properties": { "FID": 2098, "Campground": "Russian Gulch Campground", "GISID": "GIS0006421", "TYPE": "Developed Family Camp Area", "SUBTYPE": null, "UNITNBR": "141", "DETAIL": "Russian Gulch Campground", "UNITNAME": "Russian Gulch SP", "SHARE": null, "GlobalID": "{DF2E8184-4CDB-4C4A-A30C-1CCA6986A43A}", "WHAT3WORD_": "unwraps.reaches.composes" }, "geometry": { "type": "Point", "coordinates": [ -13781067.0918, 4769231.257100000977516 ] } },
{ "type": "Feature", "properties": { "FID": 2099, "Campground": "Madrone Campground", "GISID": "GIS0006422", "TYPE": "Developed Family Camp Area", "SUBTYPE": null, "UNITNBR": "116", "DETAIL": "Madrone Campground", "UNITNAME": "Richardson Grove SP", "SHARE": null, "GlobalID": "{AED3A6CD-293E-44C2-A6F0-023DC2B2BE56}", "WHAT3WORD_": "trooper.sonic.ungrateful" }, "geometry": { "type": "Point", "coordinates": [ -13780744.8218, 4868697.877700001001358 ] } },
{ "type": "Feature", "properties": { "FID": 2100, "Campground": "Oak Flat Campground", "GISID": "GIS0006423", "TYPE": "Developed Family Camp Area", "SUBTYPE": null, "UNITNBR": "116", "DETAIL": "Oak Flat Campground", "UNITNAME": "Richardson Grove SP", "SHARE": null, "GlobalID": "{C4590422-7B94-44C6-9B6D-A3EF1008C09C}", "WHAT3WORD_": "expectancy.media.professed" }, "geometry": { "type": "Point", "coordinates": [ -13780023.3602, 4868196.406499996781349 ] } },
{ "type": "Feature", "properties": { "FID": 2101, "Campground": "Refugio Campground", "GISID": "GIS0006424", "TYPE": "Developed Family Camp Area", "SUBTYPE": null, "UNITNBR": "527", "DETAIL": "Refugio Campground", "UNITNAME": "Refugio SB", "SHARE": null, "GlobalID": "{D54AE6B8-21D6-451A-8D65-8F66D7FD4731}", "WHAT3WORD_": "convey.soothes.knock" }, "geometry": { "type": "Point", "coordinates": [ -13366070.0338, 4091347.435900002717972 ] } },
{ "type": "Feature", "properties": { "FID": 2102, "Campground": "Refugio Campground", "GISID": "GIS0006425", "TYPE": "Hike/Bike Camp Area", "SUBTYPE": null, "UNITNBR": "527", "DETAIL": "Refugio Campground", "UNITNAME": "Refugio SB", "SHARE": null, "GlobalID": "{A51E742E-5119-46E2-810F-0F6F65E24D76}", "WHAT3WORD_": "cloak.collider.ousting" }, "geometry": { "type": "Point", "coordinates": [ -13365935.3372, 4091165.432599999010563 ] } },
{ "type": "Feature", "properties": { "FID": 2103, "Campground": "Upper Jamison Creek Campground", "GISID": "GIS0006426", "TYPE": "Developed Family Camp Area", "SUBTYPE": null, "UNITNBR": "321", "DETAIL": "Upper Jamison Creek Campground", "UNITNAME": "Plumas-Eureka SP", "SHARE": null, "GlobalID": "{CA22C6CA-D3CE-4DBE-8728-A974CAB83761}", "WHAT3WORD_": "desired.owls.fundraising" }, "geometry": { "type": "Point", "coordinates": [ -13437067.2673, 4828440.311099998652935 ] } },
{ "type": "Feature", "properties": { "FID": 2104, "Campground": "North Beach Campground", "GISID": "GIS0006427", "TYPE": "Developed Family Camp Area", "SUBTYPE": null, "UNITNBR": "446", "DETAIL": "North Beach Campground", "UNITNAME": "Pismo SB", "SHARE": null, "GlobalID": "{EE325597-E7CD-4866-81D4-31CA2AAD3F51}", "WHAT3WORD_": "duck.grain.duty" }, "geometry": { "type": "Point", "coordinates": [ -13429023.6549, 4181671.667900003492832 ] } },
{ "type": "Feature", "properties": { "FID": 2105, "Campground": "Oceano Campground", "GISID": "GIS0006428", "TYPE": "Developed Family Camp Area", "SUBTYPE": null, "UNITNBR": "446", "DETAIL": "Oceano Campground", "UNITNAME": "Pismo SB", "SHARE": null, "GlobalID": "{ACC548CD-3250-45D3-B7BB-199E7B41BA7C}", "WHAT3WORD_": "blender.screen.trench" }, "geometry": { "type": "Point", "coordinates": [ -13428168.6099, 4178484.201399996876717 ] } },
{ "type": "Feature", "properties": { "FID": 2106, "Campground": "Pfeiffer Big Sur Campground", "GISID": "GIS0006429", "TYPE": "Developed Family Camp Area", "SUBTYPE": null, "UNITNBR": "448", "DETAIL": "Pfeiffer Big Sur Campground", "UNITNAME": "Pfeiffer Big Sur SP", "SHARE": null, "GlobalID": "{D63CB6C7-4C6F-4F62-9628-CF31EC6C97CE}", "WHAT3WORD_": "sloshed.ineligible.bruiser" }, "geometry": { "type": "Point", "coordinates": [ -13556441.72520000115037, 4334880.416299998760223 ] } },
{ "type": "Feature", "properties": { "FID": 2107, "Campground": "Agate Beach", "GISID": "GIS0006430", "TYPE": "Developed Family Camp Area", "SUBTYPE": null, "UNITNBR": "106", "DETAIL": "Loop 86-124, ADA Sites 91,92,94", "UNITNAME": "Sue-meg SP", "SHARE": null, "GlobalID": "{2BAC015D-2A8B-4BE0-AD40-088F390210F5}", "WHAT3WORD_": "newlyweds.planted.doghouse" }, "geometry": { "type": "Point", "coordinates": [ -13820430.7769, 5032901.867700003087521 ] } },
{ "type": "Feature", "properties": { "FID": 2108, "Campground": "Doane Valley Campground", "GISID": "GIS0006431", "TYPE": "Developed Family Camp Area", "SUBTYPE": null, "UNITNBR": "617", "DETAIL": "Doane Valley Campground", "UNITNAME": "Palomar Mountain SP", "SHARE": null, "GlobalID": "{F6642198-509A-4C53-A45B-F3F82F9C6E46}", "WHAT3WORD_": "deploying.hefty.inkwell" }, "geometry": { "type": "Point", "coordinates": [ -13013420.5737, 3940970.181500002741814 ] } },
{ "type": "Feature", "properties": { "FID": 2109, "Campground": "Frank Valley Horse Camp", "GISID": "GIS0006433", "TYPE": "Horse Camp Area", "SUBTYPE": null, "UNITNBR": "239", "DETAIL": null, "UNITNAME": "Mount Tamalpais SP", "SHARE": null, "GlobalID": "{82F950EE-F290-49FB-AB1C-C8A7511A3955}", "WHAT3WORD_": "supporter.pulling.erupted" }, "geometry": { "type": "Point", "coordinates": [ -13645996.0291, 4562012.540100000798702 ] } },
{ "type": "Feature", "properties": { "FID": 2110, "Campground": "Steep Ravine Cabins", "GISID": "GIS0006434", "TYPE": "Developed Family Camp Area", "SUBTYPE": null, "UNITNBR": "239", "DETAIL": "Steep Ravine Cabins", "UNITNAME": "Mount Tamalpais SP", "SHARE": null, "GlobalID": "{D744A826-66DE-4B22-98BB-693302299AAC}", "WHAT3WORD_": "partial.directors.warmly" }, "geometry": { "type": "Point", "coordinates": [ -13650874.0492, 4562977.932099997997284 ] } },
{ "type": "Feature", "properties": { "FID": 2111, "Campground": "Morro Bay Campground", "GISID": "GIS0006435", "TYPE": "Developed Family Camp Area", "SUBTYPE": null, "UNITNBR": "443", "DETAIL": "Morro Bay Campground", "UNITNAME": "Morro Bay SP", "SHARE": null, "GlobalID": "{B15C3090-B34A-462F-8BDC-E1F6820E84AA}", "WHAT3WORD_": "independence.modify.nearly" }, "geometry": { "type": "Point", "coordinates": [ -13451729.0462, 4211161.228100001811981 ] } },
{ "type": "Feature", "properties": { "FID": 2112, "Campground": "near rr 7 North Grove CG", "GISID": "GIS0006436", "TYPE": "Hike/Bike Camp Area", "SUBTYPE": null, "UNITNBR": "306", "DETAIL": "near rr 7 North Grove CG", "UNITNAME": "Calaveras Big Trees SP", "SHARE": null, "GlobalID": "{B302F475-0537-455E-82B5-38C8395A14BF}", "WHAT3WORD_": "establish.grossly.boots" }, "geometry": { "type": "Point", "coordinates": [ -13392464.6643, 4618381.292900003492832 ] } },
{ "type": "Feature", "properties": { "FID": 2113, "Campground": "North Beach Campground, 90 sites", "GISID": "GIS0006437", "TYPE": "Primitive Family Camp Area", "SUBTYPE": null, "UNITNBR": "530", "DETAIL": "North Beach Campground, 90 sites", "UNITNAME": "Emma Wood SB", "SHARE": null, "GlobalID": "{49331491-ACA7-4C64-A4EC-DD4921A62591}", "WHAT3WORD_": "carriages.planting.skewed" }, "geometry": { "type": "Point", "coordinates": [ -13284585.3911, 4067944.276299998164177 ] } },
{ "type": "Feature", "properties": { "FID": 2114, "Campground": "Gaviota Campground", "GISID": "GIS0006440", "TYPE": "Developed Family Camp Area", "SUBTYPE": null, "UNITNBR": "542", "DETAIL": "Gaviota Campground", "UNITNAME": "Gaviota SP", "SHARE": null, "GlobalID": "{4F00A5D9-9461-46E6-9F1A-0B760598851B}", "WHAT3WORD_": "simple.funded.retailer" }, "geometry": { "type": "Point", "coordinates": [ -13383774.9536, 4092413.591099999845028 ] } },
{ "type": "Feature", "properties": { "FID": 2115, "Campground": "Grover Hot Springs Campground", "GISID": "GIS0006441", "TYPE": "Developed Family Camp Area", "SUBTYPE": null, "UNITNBR": "322", "DETAIL": "Grover Hot Springs Campground", "UNITNAME": "Grover Hot Springs SP", "SHARE": null, "GlobalID": "{DD3283B5-6261-4095-9741-60A8527625CC}", "WHAT3WORD_": "electricity.selects.seasick" }, "geometry": { "type": "Point", "coordinates": [ -13339922.1986, 4678677.112800002098083 ] } },
{ "type": "Feature", "properties": { "FID": 2116, "Campground": "Indian Grinding Rocks Campground", "GISID": "GIS0006442", "TYPE": "Developed Family Camp Area", "SUBTYPE": null, "UNITNBR": "373", "DETAIL": "Indian Grinding Rocks Campground", "UNITNAME": "Indian Grinding Rock SHP", "SHARE": null, "GlobalID": "{7E033387-55EF-4A71-B1E0-C0FD047357A1}", "WHAT3WORD_": "saunas.firework.cadets" }, "geometry": { "type": "Point", "coordinates": [ -13430031.430300001055002, 4639291.987099997699261 ] } },
{ "type": "Feature", "properties": { "FID": 2117, "Campground": "U'macha'tam'ma' Environmental Living/Group Camp", "GISID": "GIS0006443", "TYPE": "Environmental Camp Area", "SUBTYPE": null, "UNITNBR": "373", "DETAIL": "U'macha'tam'ma' Environmental Living/Group Camp", "UNITNAME": "Indian Grinding Rock SHP", "SHARE": null, "GlobalID": "{29C4397F-39E5-4B10-97E6-ED899C9143E5}", "WHAT3WORD_": "spotted.grinning.likeability" }, "geometry": { "type": "Point", "coordinates": [ -13429947.1614, 4640019.508699998259544 ] } },
{ "type": "Feature", "properties": { "FID": 2118, "Campground": "Jedediah Smith Redwoods Campground", "GISID": "GIS0006444", "TYPE": "Developed Family Camp Area", "SUBTYPE": null, "UNITNBR": "102", "DETAIL": "Jedediah Smith Redwoods Campground", "UNITNAME": "Jedediah Smith Redwoods SP", "SHARE": null, "GlobalID": "{CAF2E897-3934-4EF9-8DFD-6FD2FC25F64D}", "WHAT3WORD_": "muffled.bumper.zinc" }, "geometry": { "type": "Point", "coordinates": [ -13813141.1314, 5130754.650600001215935 ] } },
{ "type": "Feature", "properties": { "FID": 2119, "Campground": "Jedediah Smith Redwoods Group Camp", "GISID": "GIS0006445", "TYPE": "Developed Group Camp Area", "SUBTYPE": null, "UNITNBR": "102", "DETAIL": "Jedediah Smith Redwoods Group Camp", "UNITNAME": "Jedediah Smith Redwoods SP", "SHARE": null, "GlobalID": "{8A54AED5-A121-4C2D-A5AF-9C0CD6B811F0}", "WHAT3WORD_": "beware.routine.surges" }, "geometry": { "type": "Point", "coordinates": [ -13813390.7097, 5130456.758100003004074 ] } },
{ "type": "Feature", "properties": { "FID": 2120, "Campground": "Jedediah Smith Redwoods Hike and Bike Camp Area", "GISID": "GIS0006446", "TYPE": "Hike/Bike Camp Area", "SUBTYPE": null, "UNITNBR": "102", "DETAIL": "Jedediah Smith Redwoods Hike and Bike Camp Area", "UNITNAME": "Jedediah Smith Redwoods SP", "SHARE": null, "GlobalID": "{A1ADAAA6-2109-44CF-BC49-A9DFBD564DBF}", "WHAT3WORD_": "stirs.soccer.certificate" }, "geometry": { "type": "Point", "coordinates": [ -13813161.2802, 5131100.78490000218153 ] } },
{ "type": "Feature", "properties": { "FID": 2121, "Campground": "North Shore - Small Group Camp", "GISID": "GIS0006447", "TYPE": "Developed Group Camp Area", "SUBTYPE": null, "UNITNBR": "378", "DETAIL": null, "UNITNAME": "Millerton Lake SRA", "SHARE": null, "GlobalID": "{9859EC05-BEC1-4B15-AAFA-5146F9A267A2}", "WHAT3WORD_": "dished.decode.aquatic" }, "geometry": { "type": "Point", "coordinates": [ -13323267.800900001078844, 4442324.887800000607967 ] } },
{ "type": "Feature", "properties": { "FID": 2122, "Campground": "North Shore CG - Horse Camp", "GISID": "GIS0006448", "TYPE": "Horse Camp Area", "SUBTYPE": null, "UNITNBR": "378", "DETAIL": null, "UNITNAME": "Millerton Lake SRA", "SHARE": null, "GlobalID": "{C32FF15A-0939-4623-9AA7-DE8F38DDA249}", "WHAT3WORD_": "uncanny.mini.parcels" }, "geometry": { "type": "Point", "coordinates": [ -13321377.1507, 4442238.4419 ] } },
{ "type": "Feature", "properties": { "FID": 2123, "Campground": "General Creek Campground", "GISID": "GIS0006449", "TYPE": "Developed Family Camp Area", "SUBTYPE": null, "UNITNBR": "339", "DETAIL": "General Creek Campground", "UNITNAME": "Ed Z'Berg Sugar Pine Point SP", "SHARE": null, "GlobalID": "{5856EEFA-1314-4A1D-BFD0-6EE07F30E24F}", "WHAT3WORD_": "certificate.factors.remnant" }, "geometry": { "type": "Point", "coordinates": [ -13371830.5948, 4730015.669299997389317 ] } },
{ "type": "Feature", "properties": { "FID": 2124, "Campground": "San Elijo Campground", "GISID": "GIS0006453", "TYPE": "Developed Family Camp Area", "SUBTYPE": null, "UNITNBR": "654", "DETAIL": "San Elijo Campground", "UNITNAME": "San Elijo SB", "SHARE": null, "GlobalID": "{25A3CD2D-ED84-490F-9E03-06552E3CE9FD}", "WHAT3WORD_": "daunting.caskets.grape" }, "geometry": { "type": "Point", "coordinates": [ -13056041.5784, 3898103.510099999606609 ] } },
{ "type": "Feature", "properties": { "FID": 2125, "Campground": "South Carlsbad Campground", "GISID": "GIS0006454", "TYPE": "Developed Family Camp Area", "SUBTYPE": null, "UNITNBR": "652", "DETAIL": "South Carlsbad Campground", "UNITNAME": "South Carlsbad SB", "SHARE": null, "GlobalID": "{DF6FA8AD-CE04-426C-BF3D-B86BD0B5D53B}", "WHAT3WORD_": "jaws.betrayed.linked" }, "geometry": { "type": "Point", "coordinates": [ -13059851.822, 3908796.511799998581409 ] } },
{ "type": "Feature", "properties": { "FID": 2126, "Campground": "Hidden Springs Campground", "GISID": "GIS0006456", "TYPE": "Developed Family Camp Area", "SUBTYPE": null, "UNITNBR": "119", "DETAIL": "Hidden Springs Campground", "UNITNAME": "Humboldt Redwoods SP", "SHARE": null, "GlobalID": "{3CEECE21-F3B0-400E-AA75-4AFC5DE30403}", "WHAT3WORD_": "garages.imports.sailing" }, "geometry": { "type": "Point", "coordinates": [ -13788519.708999998867512, 4906012.511399999260902 ] } },
{ "type": "Feature", "properties": { "FID": 2127, "Campground": "Westport-Union SB Primitive Campground", "GISID": "GIS0006457", "TYPE": "Primitive Family Camp Area", "SUBTYPE": null, "UNITNBR": "150", "DETAIL": "Several locales", "UNITNAME": "Westport-Union Landing SB", "SHARE": null, "GlobalID": "{FF5BD129-CC4E-4973-9A13-619AC7FAEBCA}", "WHAT3WORD_": "chandelier.foiled.lined" }, "geometry": { "type": "Point", "coordinates": [ -13780321.9191, 4818866.160099998116493 ] } },
{ "type": "Feature", "properties": { "FID": 2128, "Campground": "Lakeside Campground", "GISID": "GIS0006458", "TYPE": "Developed Family Camp Area", "SUBTYPE": null, "UNITNBR": "302", "DETAIL": "Lakeside Campground", "UNITNAME": "Tahoe SRA", "SHARE": null, "GlobalID": "{369B9B90-6D17-4542-A37D-C5C473C50A73}", "WHAT3WORD_": "crawled.revived.attempt" }, "geometry": { "type": "Point", "coordinates": [ -13373425.0239, 4746740.043099999427795 ] } },
{ "type": "Feature", "properties": { "FID": 2129, "Campground": "Turlock Lake Campground", "GISID": "GIS0006460", "TYPE": "Developed Family Camp Area", "SUBTYPE": null, "UNITNBR": "311", "DETAIL": "Turlock Lake Campground", "UNITNAME": "Turlock Lake SRA", "SHARE": null, "GlobalID": "{01FA699C-EFC6-4ACB-BECF-407E876BD57D}", "WHAT3WORD_": "limit.pizza.certain" }, "geometry": { "type": "Point", "coordinates": [ -13423042.236, 4527379.077500000596046 ] } },
{ "type": "Feature", "properties": { "FID": 2130, "Campground": "Woodson Bridge Campground", "GISID": "GIS0006461", "TYPE": "Developed Family Camp Area", "SUBTYPE": null, "UNITNBR": "129", "DETAIL": "Woodson Bridge Campground", "UNITNAME": "Woodson Bridge SRA", "SHARE": null, "GlobalID": "{356C1661-A687-499E-8454-F8C8FE82BC0C}", "WHAT3WORD_": "appreciated.unzipped.collision" }, "geometry": { "type": "Point", "coordinates": [ -13590581.0753, 4853352.85530000180006 ] } },
{ "type": "Feature", "properties": { "FID": 2131, "Campground": "Sugarloaf Ridge Campground", "GISID": "GIS0006462", "TYPE": "Developed Family Camp Area", "SUBTYPE": null, "UNITNBR": "247", "DETAIL": "Sugarloaf Ridge Campground", "UNITNAME": "Sugarloaf Ridge SP", "SHARE": null, "GlobalID": "{BA73E37A-6CEE-48C4-91B2-0ECA2A95055B}", "WHAT3WORD_": "sideways.several.scarves" }, "geometry": { "type": "Point", "coordinates": [ -13638218.9155, 4641291.090300001204014 ] } },
{ "type": "Feature", "properties": { "FID": 2132, "Campground": "Hickey Campground", "GISID": "GIS0006463", "TYPE": "Developed Family Camp Area", "SUBTYPE": null, "UNITNBR": "117", "DETAIL": "Hickey Campground", "UNITNAME": "Standish-Hickey SRA", "SHARE": null, "GlobalID": "{6346B74D-12C0-4072-B5F6-3C45B7D71D07}", "WHAT3WORD_": "photographs.sugar.parts" }, "geometry": { "type": "Point", "coordinates": [ -13773458.0706, 4848136.250600002706051 ] } },
{ "type": "Feature", "properties": { "FID": 2133, "Campground": "Bodega Dunes - Upper", "GISID": "GIS0006464", "TYPE": "Developed Family Camp Area", "SUBTYPE": null, "UNITNBR": "209", "DETAIL": "Bodega Dunes Campground - 4 ADA sites total", "UNITNAME": "Sonoma Coast SP", "SHARE": null, "GlobalID": "{B1B3D07F-B0D7-4E6A-A1C5-AE2BB77BA8E6}", "WHAT3WORD_": "underrated.measure.flopping" }, "geometry": { "type": "Point", "coordinates": [ -13698441.6469, 4627733.441799998283386 ] } },
{ "type": "Feature", "properties": { "FID": 2134, "Campground": "Wright's Beach Enroute Camping", "GISID": "GIS0006465", "TYPE": "Enroute Camp Area", "SUBTYPE": null, "UNITNBR": "209", "DETAIL": "Wright's Beach Overflow Camping", "UNITNAME": "Sonoma Coast SP", "SHARE": null, "GlobalID": "{5C0E4F89-4916-4E2B-A44D-8A522409E91C}", "WHAT3WORD_": "holders.insurance.canines" }, "geometry": { "type": "Point", "coordinates": [ -13702878.1739, 4636010.539200000464916 ] } },
{ "type": "Feature", "properties": { "FID": 2135, "Campground": "Willow Creek Environmental Camp Area", "GISID": "GIS0006466", "TYPE": "Environmental Camp Area", "SUBTYPE": null, "UNITNBR": "209", "DETAIL": "Willow Creek Environmental Camp Area - 2 ADA sites", "UNITNAME": "Sonoma Coast SP", "SHARE": null, "GlobalID": "{4ABFABD3-0671-4ABD-8CEA-2CA068499587}", "WHAT3WORD_": "frantically.landowners.fast" }, "geometry": { "type": "Point", "coordinates": [ -13702319.5726, 4642719.88910000026226 ] } },
{ "type": "Feature", "properties": { "FID": 2136, "Campground": "Pomo Canyon Environmental Camp Area", "GISID": "GIS0006467", "TYPE": "Environmental Camp Area", "SUBTYPE": null, "UNITNBR": "209", "DETAIL": "Pomo Canyon Environmental Camp Area - 1 ADA site", "UNITNAME": "Sonoma Coast SP", "SHARE": null, "GlobalID": "{ED10EE9F-D3B2-429F-AE39-703E7E06FE8D}", "WHAT3WORD_": "vampire.silently.instructors" }, "geometry": { "type": "Point", "coordinates": [ -13699655.3633, 4639663.414599999785423 ] } },
{ "type": "Feature", "properties": { "FID": 2137, "Campground": "Needle Rock Camp", "GISID": "GIS0006468", "TYPE": "Primitive Family Camp Area", "SUBTYPE": null, "UNITNBR": "133", "DETAIL": "Needle Rock Barn", "UNITNAME": "Sinkyone Wilderness SP", "SHARE": null, "GlobalID": "{8C01A3C3-4492-4734-BCA2-07CC70608ADA}", "WHAT3WORD_": "fashion.telescopes.moments" }, "geometry": { "type": "Point", "coordinates": [ -13799708.542399998754263, 4857683.84740000218153 ] } },
{ "type": "Feature", "properties": { "FID": 2138, "Campground": "Usal Beach Campground", "GISID": "GIS0006469", "TYPE": "Primitive Family Camp Area", "SUBTYPE": null, "UNITNBR": "133", "DETAIL": "Usal Beach Campground", "UNITNAME": "Sinkyone Wilderness SP", "SHARE": null, "GlobalID": "{484925AB-E3E1-4818-8F60-256AF1D48C6C}", "WHAT3WORD_": "cycles.melody.blessing" }, "geometry": { "type": "Point", "coordinates": [ -13786569.9481, 4841550.953299999237061 ] } },
{ "type": "Feature", "properties": { "FID": 2139, "Campground": "Little Jackass Creek Camp", "GISID": "GIS0006470", "TYPE": "Environmental Camp Area", "SUBTYPE": null, "UNITNBR": "133", "DETAIL": "Little Jackass Creek Camp", "UNITNAME": "Sinkyone Wilderness SP", "SHARE": null, "GlobalID": "{D2AB141A-CE85-4519-AD5A-60F759DFB4FB}", "WHAT3WORD_": "musts.escapades.flask" }, "geometry": { "type": "Point", "coordinates": [ -13792210.7294, 4845990.217699997127056 ] } },
{ "type": "Feature", "properties": { "FID": 2140, "Campground": "Railroad Camp", "GISID": "GIS0006471", "TYPE": "Environmental Camp Area", "SUBTYPE": null, "UNITNBR": "133", "DETAIL": null, "UNITNAME": "Sinkyone Wilderness SP", "SHARE": null, "GlobalID": "{B64960C6-451B-45A6-9BA5-85CFF24BF8B4}", "WHAT3WORD_": "frock.vertical.poky" }, "geometry": { "type": "Point", "coordinates": [ -13797011.716400001198053, 4854056.921300001442432 ] } },
{ "type": "Feature", "properties": { "FID": 2141, "Campground": "Bear Harbor Camp", "GISID": "GIS0006472", "TYPE": "Environmental Camp Area", "SUBTYPE": null, "UNITNBR": "133", "DETAIL": "Bear Harbor Environmental Camp Area", "UNITNAME": "Sinkyone Wilderness SP", "SHARE": null, "GlobalID": "{9E7B4756-0385-41B8-8942-BC00B8054BF1}", "WHAT3WORD_": "costs.cubs.underrated" }, "geometry": { "type": "Point", "coordinates": [ -13796829.4864, 4853438.919699996709824 ] } },
{ "type": "Feature", "properties": { "FID": 2142, "Campground": "Anderson Camp", "GISID": "GIS0006473", "TYPE": "Environmental Camp Area", "SUBTYPE": null, "UNITNBR": "133", "DETAIL": "Anderson Camp", "UNITNAME": "Sinkyone Wilderness SP", "SHARE": null, "GlobalID": "{0C88A7A8-7A2D-427B-86F3-1EEEC27B92DA}", "WHAT3WORD_": "duck.crediting.carries" }, "geometry": { "type": "Point", "coordinates": [ -13790943.579599998891354, 4844630.113799996674061 ] } },
{ "type": "Feature", "properties": { "FID": 2143, "Campground": "Mesa Camprground", "GISID": "GIS0006474", "TYPE": "Developed Family Camp Area", "SUBTYPE": null, "UNITNBR": "592", "DETAIL": null, "UNITNAME": "Silverwood Lake SRA", "SHARE": null, "GlobalID": "{00B262A3-8C48-49BC-9CD2-B1546434AC79}", "WHAT3WORD_": "robs.squad.generally" }, "geometry": { "type": "Point", "coordinates": [ -13063170.4786, 4067014.750799998641014 ] } },
{ "type": "Feature", "properties": { "FID": 2144, "Campground": "Silver Strand Campground", "GISID": "GIS0006476", "TYPE": "Developed Family Camp Area", "SUBTYPE": null, "UNITNBR": "614", "DETAIL": "RV Parking Lot Campground", "UNITNAME": "Silver Strand SB", "SHARE": null, "GlobalID": "{AE6C73F4-09F4-4074-8249-60B7F5142BB3}", "WHAT3WORD_": "shift.pump.gosh" }, "geometry": { "type": "Point", "coordinates": [ -13040254.4709, 3847011.053999997675419 ] } },
{ "type": "Feature", "properties": { "FID": 2145, "Campground": "Morro Strand Campground", "GISID": "GIS0006478", "TYPE": "Developed Family Camp Area", "SUBTYPE": null, "UNITNBR": "442", "DETAIL": "Morro Strand Campground", "UNITNAME": "Morro Strand SB", "SHARE": null, "GlobalID": "{923397CA-5106-4427-81AF-421909059873}", "WHAT3WORD_": "plastic.footwork.tiredness" }, "geometry": { "type": "Point", "coordinates": [ -13454832.2996, 4218376.564800001680851 ] } },
{ "type": "Feature", "properties": { "FID": 2146, "Campground": "Islay Creek Campground", "GISID": "GIS0006479", "TYPE": "Primitive Family Camp Area", "SUBTYPE": null, "UNITNBR": "441", "DETAIL": "Montana de Oro Campground", "UNITNAME": "Montaña de Oro SP", "SHARE": null, "GlobalID": "{8030732D-D128-4E4A-8885-0127EE214FCF}", "WHAT3WORD_": "supply.maverick.tricky" }, "geometry": { "type": "Point", "coordinates": [ -13456531.8143, 4201274.858499996364117 ] } },
{ "type": "Feature", "properties": { "FID": 2147, "Campground": "Enroute Camping", "GISID": "GIS0006480", "TYPE": "Primitive Family Camp Area", "SUBTYPE": null, "UNITNBR": "441", "DETAIL": "Enroute Camping", "UNITNAME": "Montaña de Oro SP", "SHARE": null, "GlobalID": "{8E4E25C1-333F-45D7-AF93-8E7F676C367E}", "WHAT3WORD_": "cover.likely.tight" }, "geometry": { "type": "Point", "coordinates": [ -13454310.7678, 4204887.911300003528595 ] } },
{ "type": "Feature", "properties": { "FID": 2148, "Campground": "Montana de Oro Environmental Camp Area 1", "GISID": "GIS0006481", "TYPE": "Environmental Camp Area", "SUBTYPE": null, "UNITNBR": "441", "DETAIL": "Environmental Camp Area 1 - Bloody Nose", "UNITNAME": "Montaña de Oro SP", "SHARE": null, "GlobalID": "{E97F6070-19E7-405C-8052-3040BA15D766}", "WHAT3WORD_": "recoup.assistant.craving" }, "geometry": { "type": "Point", "coordinates": [ -13455980.5602, 4203086.760399997234344 ] } },
{ "type": "Feature", "properties": { "FID": 2149, "Campground": "Montana de Oro Horse Camp", "GISID": "GIS0006482", "TYPE": "Horse Camp Area", "SUBTYPE": null, "UNITNBR": "441", "DETAIL": null, "UNITNAME": "Montaña de Oro SP", "SHARE": null, "GlobalID": "{EB09397C-3679-4AB7-A0C5-850251302036}", "WHAT3WORD_": "gossip.transfers.hiding" }, "geometry": { "type": "Point", "coordinates": [ -13454395.3706, 4204325.4121999964118 ] } },
{ "type": "Feature", "properties": { "FID": 2150, "Campground": "Morro Bay SP Hike/Bike Camp", "GISID": "GIS0006483", "TYPE": "Hike/Bike Camp Area", "SUBTYPE": null, "UNITNBR": "443", "DETAIL": "Morro Bay Campground Hike and Bike Camp Area", "UNITNAME": "Morro Bay SP", "SHARE": null, "GlobalID": "{E7ABE246-AC4B-4CD5-BAD1-C3841E9B2600}", "WHAT3WORD_": "december.senders.feud" }, "geometry": { "type": "Point", "coordinates": [ -13451765.892900001257658, 4211076.612400002777576 ] } },
{ "type": "Feature", "properties": { "FID": 2151, "Campground": "Oceano Dunes Beach Camping", "GISID": "GIS0006484", "TYPE": "Primitive Family Camp Area", "SUBTYPE": null, "UNITNBR": "264", "DETAIL": "Oceano Dunes Beach Camping", "UNITNAME": "Oceano Dunes SVRA", "SHARE": null, "GlobalID": "{D5854EAF-C1E9-4BB7-B5B9-A6EA67307104}", "WHAT3WORD_": "mural.gritting.exchanging" }, "geometry": { "type": "Point", "coordinates": [ -13428384.7923, 4174168.611400000751019 ] } },
{ "type": "Feature", "properties": { "FID": 2152, "Campground": "Portola Campground", "GISID": "GIS0006485", "TYPE": "Developed Family Camp Area", "SUBTYPE": null, "UNITNBR": "405", "DETAIL": "Main Campground", "UNITNAME": "Portola Redwoods SP", "SHARE": null, "GlobalID": "{0EC3984C-D6FF-43CC-9367-F385DDB4C9DD}", "WHAT3WORD_": "signatures.unloaded.flipper" }, "geometry": { "type": "Point", "coordinates": [ -13605053.7223, 4474627.417499996721745 ] } },
{ "type": "Feature", "properties": { "FID": 2153, "Campground": "Elk Prairie Campground", "GISID": "GIS0006486", "TYPE": "Developed Family Camp Area", "SUBTYPE": null, "UNITNBR": "104", "DETAIL": "Elk Prairie Campground", "UNITNAME": "Prairie Creek Redwoods SP", "SHARE": null, "GlobalID": "{70777A48-B440-40CA-B9E7-3B8ADA5132F1}", "WHAT3WORD_": "absence.latest.helping" }, "geometry": { "type": "Point", "coordinates": [ -13806781.671500001102686, 5065467.788900002837181 ] } },
{ "type": "Feature", "properties": { "FID": 2154, "Campground": "Elk Prairie Hike and Bike Camp Area", "GISID": "GIS0006487", "TYPE": "Hike/Bike Camp Area", "SUBTYPE": null, "UNITNBR": "104", "DETAIL": "Elk Prairie Hike and Bike Camp Area", "UNITNAME": "Prairie Creek Redwoods SP", "SHARE": null, "GlobalID": "{BDD5B100-4674-4216-9ADE-42CFFBF0318D}", "WHAT3WORD_": "ancient.sharply.imprints" }, "geometry": { "type": "Point", "coordinates": [ -13806913.6964, 5065283.885200001299381 ] } },
{ "type": "Feature", "properties": { "FID": 2155, "Campground": "Gold Bluffs Environmental Camp", "GISID": "GIS0006488", "TYPE": "Environmental Camp Area", "SUBTYPE": null, "UNITNBR": "104", "DETAIL": "Gold Bluffs Environmental Camp", "UNITNAME": "Prairie Creek Redwoods SP", "SHARE": null, "GlobalID": "{10DE47E0-20E4-4087-8072-B786B3EC69B9}", "WHAT3WORD_": "translation.hoping.jets" }, "geometry": { "type": "Point", "coordinates": [ -13811156.0822, 5064860.178199999034405 ] } },
{ "type": "Feature", "properties": { "FID": 2156, "Campground": "Miner's Ridge Trail Camp", "GISID": "GIS0006489", "TYPE": "Primitive Family Camp Area", "SUBTYPE": null, "UNITNBR": "104", "DETAIL": "Walk-in camp", "UNITNAME": "Prairie Creek Redwoods SP", "SHARE": null, "GlobalID": "{F395797F-7AF6-44E5-985B-CEA9EA15808E}", "WHAT3WORD_": "maple.output.tolerating" }, "geometry": { "type": "Point", "coordinates": [ -13811062.573800001293421, 5069381.766199998557568 ] } },
{ "type": "Feature", "properties": { "FID": 2157, "Campground": "Gold Bluffs Beach Campground", "GISID": "GIS0006490", "TYPE": "Developed Family Camp Area", "SUBTYPE": null, "UNITNBR": "104", "DETAIL": "GOLD BLUFFS BEACH CAMPGROUND", "UNITNAME": "Prairie Creek Redwoods SP", "SHARE": null, "GlobalID": "{240C8C0A-3C47-4B71-8587-AC08ADDFDFDB}", "WHAT3WORD_": "perhaps.asking.relishes" }, "geometry": { "type": "Point", "coordinates": [ -13811362.6912, 5069109.954199999570847 ] } },
{ "type": "Feature", "properties": { "FID": 2158, "Campground": "Anacapa Loop Campground", "GISID": "GIS0006491", "TYPE": "Developed Family Camp Area", "SUBTYPE": null, "UNITNBR": "514", "DETAIL": null, "UNITNAME": "Carpinteria SB", "SHARE": null, "GlobalID": "{4C9708A1-A118-477E-BD93-68EF731E4B16}", "WHAT3WORD_": "spoiled.helpless.directs" }, "geometry": { "type": "Point", "coordinates": [ -13305045.5795, 4081759.269599996507168 ] } },
{ "type": "Feature", "properties": { "FID": 2159, "Campground": "Santa Cruz Loop Group Camp", "GISID": "GIS0006492", "TYPE": "Developed Group Camp Area", "SUBTYPE": null, "UNITNBR": "514", "DETAIL": "Santa Cruz Loop Group Camp", "UNITNAME": "Carpinteria SB", "SHARE": null, "GlobalID": "{035ED542-54E5-450E-9670-BBA3B86AC79F}", "WHAT3WORD_": "stewing.snow.winters" }, "geometry": { "type": "Point", "coordinates": [ -13304860.1213, 4081475.705700002610683 ] } },
{ "type": "Feature", "properties": { "FID": 2160, "Campground": "Anacapa Loop Group Camp", "GISID": "GIS0006493", "TYPE": "Developed Group Camp Area", "SUBTYPE": null, "UNITNBR": "514", "DETAIL": "Sites 101 - 126", "UNITNAME": "Carpinteria SB", "SHARE": null, "GlobalID": "{1B7355D4-55BA-487B-B092-E099ADA2CBB8}", "WHAT3WORD_": "fatter.partner.bootleg" }, "geometry": { "type": "Point", "coordinates": [ -13305183.8383, 4081839.267700001597404 ] } },
{ "type": "Feature", "properties": { "FID": 2161, "Campground": "Anacapa Loop Hike/Bike Camp", "GISID": "GIS0006494", "TYPE": "Hike/Bike Camp Area", "SUBTYPE": null, "UNITNBR": "514", "DETAIL": "Anacapa Loop Hike Bike Campsite (1)", "UNITNAME": "Carpinteria SB", "SHARE": null, "GlobalID": "{5BF5A95A-4D11-4917-8D62-11EE4117E61C}", "WHAT3WORD_": "exposing.filer.having" }, "geometry": { "type": "Point", "coordinates": [ -13305078.307500001043081, 4081675.629600003361702 ] } },
{ "type": "Feature", "properties": { "FID": 2162, "Campground": "Caswell Memorial Campground", "GISID": "GIS0006497", "TYPE": "Developed Family Camp Area", "SUBTYPE": null, "UNITNBR": "316", "DETAIL": "Caswell Memorial Campground", "UNITNAME": "Caswell Memorial SP", "SHARE": null, "GlobalID": "{C7220AB9-F5C7-42D2-996F-5DD28F739874}", "WHAT3WORD_": "spawned.incurs.visions" }, "geometry": { "type": "Point", "coordinates": [ -13489506.7625, 4537203.039499998092651 ] } },
{ "type": "Feature", "properties": { "FID": 2163, "Campground": "Caswell Memorial Group Camp", "GISID": "GIS0006498", "TYPE": "Developed Group Camp Area", "SUBTYPE": null, "UNITNBR": "316", "DETAIL": "Caswell Memorial Group Camp", "UNITNAME": "Caswell Memorial SP", "SHARE": null, "GlobalID": "{488DF56F-3A98-478B-8AE4-DCF32015A920}", "WHAT3WORD_": "bribing.reinstate.cheers" }, "geometry": { "type": "Point", "coordinates": [ -13489673.6304, 4537062.768700003623962 ] } },
{ "type": "Feature", "properties": { "FID": 2164, "Campground": "Rolling M Ranch Campground", "GISID": "GIS0006499", "TYPE": "Developed Family Camp Area", "SUBTYPE": null, "UNITNBR": "508", "DETAIL": null, "UNITNAME": "Chino Hills SP", "SHARE": null, "GlobalID": "{081B2B8E-60B9-4CE5-93B4-51A5C8536EE5}", "WHAT3WORD_": "funded.tropic.instructions" }, "geometry": { "type": "Point", "coordinates": [ -13103233.5841, 4018548.919399999082088 ] } },
{ "type": "Feature", "properties": { "FID": 2165, "Campground": "Colusa-Sacramento River Campground", "GISID": "GIS0006501", "TYPE": "Developed Family Camp Area", "SUBTYPE": null, "UNITNBR": "140", "DETAIL": "Colusa-Sacramento River Campground", "UNITNAME": "Colusa-Sacramento River SRA", "SHARE": null, "GlobalID": "{4E36A438-8F51-4E37-9579-27D55DB0F742}", "WHAT3WORD_": "mention.uniform.silvery" }, "geometry": { "type": "Point", "coordinates": [ -13582704.2194, 4752945.764200001955032 ] } },
{ "type": "Feature", "properties": { "FID": 2166, "Campground": "Colusa-Sacramento River Group Camp", "GISID": "GIS0006502", "TYPE": "Developed Group Camp Area", "SUBTYPE": null, "UNITNBR": "140", "DETAIL": "Colusa-Sacramento River Group Camp", "UNITNAME": "Colusa-Sacramento River SRA", "SHARE": null, "GlobalID": "{1BDA8AA8-8DDA-4B5D-94E4-75E58EA57176}", "WHAT3WORD_": "smirking.showrooms.objects" }, "geometry": { "type": "Point", "coordinates": [ -13582684.7385, 4753003.956900000572205 ] } },
{ "type": "Feature", "properties": { "FID": 2167, "Campground": "Colusa-Sacramento River Enroute Camping", "GISID": "GIS0006503", "TYPE": "Enroute Camp Area", "SUBTYPE": null, "UNITNBR": "140", "DETAIL": "Colusa-Sacramento River Enroute Camping", "UNITNAME": "Colusa-Sacramento River SRA", "SHARE": null, "GlobalID": "{E5571377-D956-4890-A297-3A5F961410A9}", "WHAT3WORD_": "vinegar.adopters.surnames" }, "geometry": { "type": "Point", "coordinates": [ -13582735.166299998760223, 4753081.403899997472763 ] } },
{ "type": "Feature", "properties": { "FID": 2168, "Campground": "D. L. Bliss Hike and Bike", "GISID": "GIS0006504", "TYPE": "Hike/Bike Camp Area", "SUBTYPE": null, "UNITNBR": "303", "DETAIL": "D. L. Bliss Hike and Bike", "UNITNAME": "D.L. Bliss SP", "SHARE": null, "GlobalID": "{2414B132-9A32-4F67-B04D-9223780723DF}", "WHAT3WORD_": "disjointed.crowned.insisting" }, "geometry": { "type": "Point", "coordinates": [ -13369509.8061, 4719816.765900000929832 ] } },
{ "type": "Feature", "properties": { "FID": 2169, "Campground": "Mill Creek Campground", "GISID": "GIS0006505", "TYPE": "Developed Family Camp Area", "SUBTYPE": null, "UNITNBR": "103", "DETAIL": "Mill Creek Campground", "UNITNAME": "Del Norte Coast Redwoods SP", "SHARE": null, "GlobalID": "{D11741F8-8956-4D06-AD0E-6FD822C96A42}", "WHAT3WORD_": "announced.retired.verge" }, "geometry": { "type": "Point", "coordinates": [ -13814374.6626, 5116261.694200001657009 ] } },
{ "type": "Feature", "properties": { "FID": 2170, "Campground": null, "GISID": "GIS0006506", "TYPE": "Developed Group Camp Area", "SUBTYPE": null, "UNITNBR": "610", "DETAIL": null, "UNITNAME": "Doheny SB", "SHARE": null, "GlobalID": "{9FB6FBFF-95DE-4D14-AE1A-9DAB74BB3CB6}", "WHAT3WORD_": "festivity.lofts.supple" }, "geometry": { "type": "Point", "coordinates": [ -13099923.0538, 3956696.587300002574921 ] } },
{ "type": "Feature", "properties": { "FID": 2171, "Campground": null, "GISID": "GIS0006507", "TYPE": "Hike/Bike Camp Area", "SUBTYPE": null, "UNITNBR": "610", "DETAIL": null, "UNITNAME": "Doheny SB", "SHARE": null, "GlobalID": "{E8CD51E9-8A0A-4DF0-B047-715793AB74CB}", "WHAT3WORD_": "historic.standard.binder" }, "geometry": { "type": "Point", "coordinates": [ -13100070.5521, 3956833.359300002455711 ] } },
{ "type": "Feature", "properties": { "FID": 2172, "Campground": "Donner Memorial Hike/Bike (sites 93,95)", "GISID": "GIS0006508", "TYPE": "Hike/Bike Camp Area", "SUBTYPE": null, "UNITNBR": "301", "DETAIL": "Donner Memorial Hike/Bike (sites 93,95)", "UNITNAME": "Donner Memorial SP", "SHARE": null, "GlobalID": "{D7328CCA-1724-41AD-9BB1-5757966D2E7A}", "WHAT3WORD_": "purple.blotches.radical" }, "geometry": { "type": "Point", "coordinates": [ -13384355.7073, 4767606.126999996602535 ] } },
{ "type": "Feature", "properties": { "FID": 2173, "Campground": "Borrego Palm Canyon Campground", "GISID": "GIS0006509", "TYPE": "Developed Family Camp Area", "SUBTYPE": null, "UNITNBR": "622", "DETAIL": "Borrego Palm Canyon Hookups", "UNITNAME": "Anza-Borrego Desert SP", "SHARE": null, "GlobalID": "{DBD53A7F-58E1-41C4-AE61-408B9FFB59B0}", "WHAT3WORD_": "magazine.redo.takeover" }, "geometry": { "type": "Point", "coordinates": [ -12958483.737, 3931119.54110000282526 ] } },
{ "type": "Feature", "properties": { "FID": 2174, "Campground": "Borrego Palm Canyon Group Camp", "GISID": "GIS0006510", "TYPE": "Developed Group Camp Area", "SUBTYPE": null, "UNITNBR": "622", "DETAIL": "Borrego Palm Canyon Group Camp", "UNITNAME": "Anza-Borrego Desert SP", "SHARE": null, "GlobalID": "{945CFE18-F615-4286-918D-D1F89DA3FFC4}", "WHAT3WORD_": "impresses.disrupting.assistant" }, "geometry": { "type": "Point", "coordinates": [ -12959298.707, 3930915.037900000810623 ] } },
{ "type": "Feature", "properties": { "FID": 2175, "Campground": "Vern Whitaker Horse Camp", "GISID": "GIS0006511", "TYPE": "Horse Camp Area", "SUBTYPE": null, "UNITNBR": "622", "DETAIL": null, "UNITNAME": "Anza-Borrego Desert SP", "SHARE": null, "GlobalID": "{40CA2332-78D6-4B18-BD02-0BF30B2CF281}", "WHAT3WORD_": "exotic.affirmative.bushy" }, "geometry": { "type": "Point", "coordinates": [ -12957494.997299998998642, 3941713.630900003015995 ] } },
{ "type": "Feature", "properties": { "FID": 2176, "Campground": "Tamarisk Grove Campground", "GISID": "GIS0006512", "TYPE": "Developed Family Camp Area", "SUBTYPE": null, "UNITNBR": "622", "DETAIL": "Tamarisk Grove Campground", "UNITNAME": "Anza-Borrego Desert SP", "SHARE": null, "GlobalID": "{EA55C45D-FFB5-4CB6-89B0-36839E9A899A}", "WHAT3WORD_": "icon.widest.hastened" }, "geometry": { "type": "Point", "coordinates": [ -12954893.5721, 3913636.045000001788139 ] } },
{ "type": "Feature", "properties": { "FID": 2177, "Campground": "El Capitan SB Campground Loop 1", "GISID": "GIS0006513", "TYPE": "Developed Family Camp Area", "SUBTYPE": null, "UNITNBR": "519", "DETAIL": "Sites 1-28", "UNITNAME": "El Capitán SB", "SHARE": null, "GlobalID": "{65CC4B9B-C6D1-44C8-9117-3FDE25B0A34B}", "WHAT3WORD_": "pirated.different.laws" }, "geometry": { "type": "Point", "coordinates": [ -13360929.2997, 4090947.113600000739098 ] } },
{ "type": "Feature", "properties": { "FID": 2178, "Campground": "de Anza Group Camp Area", "GISID": "GIS0006514", "TYPE": "Developed Group Camp Area", "SUBTYPE": null, "UNITNBR": "519", "DETAIL": "3 loci, 2 in family site loops", "UNITNAME": "El Capitán SB", "SHARE": null, "GlobalID": "{7F56B4FB-9F8F-4CE6-8BB4-B74D0461BC87}", "WHAT3WORD_": "grafted.seep.probe" }, "geometry": { "type": "Point", "coordinates": [ -13361464.5239, 4090910.659999996423721 ] } },
{ "type": "Feature", "properties": { "FID": 2179, "Campground": "El Capitan Hike and Bike Camp Area", "GISID": "GIS0006515", "TYPE": "Hike/Bike Camp Area", "SUBTYPE": null, "UNITNBR": "519", "DETAIL": "El Capitan Hike and Bike Camp Area", "UNITNAME": "El Capitán SB", "SHARE": null, "GlobalID": "{BA9328D7-0DC2-4808-B9D3-DF61FAC9284F}", "WHAT3WORD_": "craziness.guesswork.trawls" }, "geometry": { "type": "Point", "coordinates": [ -13362141.680300001055002, 4091205.532499998807907 ] } },
{ "type": "Feature", "properties": { "FID": 2180, "Campground": "Ventura River Enroute Camp", "GISID": "GIS0006516", "TYPE": "Enroute Camp Area", "SUBTYPE": null, "UNITNBR": "530", "DETAIL": "Ventura River Enroute Camp", "UNITNAME": "Emma Wood SB", "SHARE": null, "GlobalID": "{81CB1479-0C63-46F2-AE99-1834C8AF3B28}", "WHAT3WORD_": "swigs.bound.tangerine" }, "geometry": { "type": "Point", "coordinates": [ -13282021.0353, 4066531.761799998581409 ] } },
{ "type": "Feature", "properties": { "FID": 2181, "Campground": "Emma Wood Enrount Camping", "GISID": "GIS0006517", "TYPE": "Primitive Family Camp Area", "SUBTYPE": null, "UNITNBR": "530", "DETAIL": "Emma Wood Enrount Camping", "UNITNAME": "Emma Wood SB", "SHARE": null, "GlobalID": "{23F493FB-86D2-48D8-A78E-82C210A6DD98}", "WHAT3WORD_": "cofounder.waistcoat.deadlock" }, "geometry": { "type": "Point", "coordinates": [ -13282311.5792, 4066727.91889999806881 ] } },
{ "type": "Feature", "properties": { "FID": 2182, "Campground": "Emma Wood Hike/Bike Camp", "GISID": "GIS0006518", "TYPE": "Hike/Bike Camp Area", "SUBTYPE": null, "UNITNBR": "530", "DETAIL": "Emma Wood Hike/Bike Camp", "UNITNAME": "Emma Wood SB", "SHARE": null, "GlobalID": "{BBC605F4-9217-48D8-A5BF-453116E23A0F}", "WHAT3WORD_": "flotation.databases.arrows" }, "geometry": { "type": "Point", "coordinates": [ -13281988.3074, 4066430.181800000369549 ] } },
{ "type": "Feature", "properties": { "FID": 2183, "Campground": "Reef Campground", "GISID": "GIS0006519", "TYPE": "Developed Family Camp Area", "SUBTYPE": null, "UNITNBR": "207", "DETAIL": "Flush Toilets,No showers", "UNITNAME": "Fort Ross SHP", "SHARE": null, "GlobalID": "{B4147EDC-D5CB-4BA0-96B7-78BF82685E38}", "WHAT3WORD_": "sensitive.belongs.dinosaurs" }, "geometry": { "type": "Point", "coordinates": [ -13718391.2128, 4651921.670699998736382 ] } },
{ "type": "Feature", "properties": { "FID": 2184, "Campground": "Grizzly Creek Group Camp - location unknown", "GISID": "GIS0006521", "TYPE": "Developed Group Camp Area", "SUBTYPE": null, "UNITNBR": "110", "DETAIL": "Grizzly Creek Group Camp - location unknown", "UNITNAME": "Grizzly Creek Redwoods SP", "SHARE": null, "GlobalID": "{64190567-78E9-4773-8505-D4334E71FA77}", "WHAT3WORD_": "adjust.blip.growled" }, "geometry": { "type": "Point", "coordinates": [ -13793631.6114, 4936866.991599999368191 ] } },
{ "type": "Feature", "properties": { "FID": 2185, "Campground": "Grizzly Creek Campground - location unknown", "GISID": "GIS0006522", "TYPE": "Developed Family Camp Area", "SUBTYPE": null, "UNITNBR": "110", "DETAIL": "Grizzly Creek Campground - location unknown", "UNITNAME": "Grizzly Creek Redwoods SP", "SHARE": null, "GlobalID": "{1EC66777-EC9B-4774-AE79-0E5EA0EA7823}", "WHAT3WORD_": "cashiers.earthworms.garage" }, "geometry": { "type": "Point", "coordinates": [ -13792810.6301, 4936792.053000003099442 ] } },
{ "type": "Feature", "properties": { "FID": 2186, "Campground": "Grizzly Creek Env Camp - location unknown", "GISID": "GIS0006523", "TYPE": "Environmental Camp Area", "SUBTYPE": null, "UNITNBR": "110", "DETAIL": "Grizzly Creek Env Camp - location unknown", "UNITNAME": "Grizzly Creek Redwoods SP", "SHARE": null, "GlobalID": "{E0865A30-6023-478C-AA33-5AC3B7B42558}", "WHAT3WORD_": "compiled.blizzards.cuter" }, "geometry": { "type": "Point", "coordinates": [ -13793505.3751, 4936949.834499999880791 ] } },
{ "type": "Feature", "properties": { "FID": 2187, "Campground": "Francis Beach Hike and Bike", "GISID": "GIS0006524", "TYPE": "Hike/Bike Camp Area", "SUBTYPE": null, "UNITNBR": "277", "DETAIL": null, "UNITNAME": "Half Moon Bay SB", "SHARE": null, "GlobalID": "{26E74DE3-4C07-4D4B-9B61-DFAC80E8C5F4}", "WHAT3WORD_": "snared.orbited.couriers" }, "geometry": { "type": "Point", "coordinates": [ -13630635.386599998921156, 4504775.9375 ] } },
{ "type": "Feature", "properties": { "FID": 2188, "Campground": "Francis Beach Campground", "GISID": "GIS0006525", "TYPE": "Developed Family Camp Area", "SUBTYPE": null, "UNITNBR": "277", "DETAIL": null, "UNITNAME": "Half Moon Bay SB", "SHARE": null, "GlobalID": "{8FF483EE-3C74-42CB-8814-DD37A5C65A01}", "WHAT3WORD_": "celebration.steroids.eloquently" }, "geometry": { "type": "Point", "coordinates": [ -13630609.0038, 4504658.822599999606609 ] } },
{ "type": "Feature", "properties": { "FID": 2189, "Campground": "Half Moon Bay Enroute Camping", "GISID": "GIS0006526", "TYPE": "Enroute Camp Area", "SUBTYPE": null, "UNITNBR": "277", "DETAIL": null, "UNITNAME": "Half Moon Bay SB", "SHARE": null, "GlobalID": "{EF3A1DD7-EF88-4B0E-AB4F-1FA5A6021A8A}", "WHAT3WORD_": "loosen.beards.prompt" }, "geometry": { "type": "Point", "coordinates": [ -13630533.3066, 4504364.007299996912479 ] } },
{ "type": "Feature", "properties": { "FID": 2190, "Campground": "Headquarters Campground", "GISID": "GIS0006529", "TYPE": "Primitive Family Camp Area", "SUBTYPE": null, "UNITNBR": "432", "DETAIL": "Headquarters Campground", "UNITNAME": "Henry W. Coe SP", "SHARE": null, "GlobalID": "{B44DE561-ECCA-409F-8CD0-9BD17FE60E48}", "WHAT3WORD_": "workaholic.labs.emphasis" }, "geometry": { "type": "Point", "coordinates": [ -13530354.002500001341105, 4465072.701399996876717 ] } },
{ "type": "Feature", "properties": { "FID": 2191, "Campground": "Manzanita Point Group Camp", "GISID": "GIS0006530", "TYPE": "Primitive Group Camp Area", "SUBTYPE": null, "UNITNBR": "432", "DETAIL": "Hike-in Group Camp", "UNITNAME": "Henry W. Coe SP", "SHARE": null, "GlobalID": "{766E6F1F-776F-4F8E-83BB-4F5251E2BF24}", "WHAT3WORD_": "minded.prepared.goodbyes" }, "geometry": { "type": "Point", "coordinates": [ -13525384.032499998807907, 4463476.130199998617172 ] } },
{ "type": "Feature", "properties": { "FID": 2192, "Campground": "Poverty Flat Hike-in Group Camp", "GISID": "GIS0006531", "TYPE": "Primitive Group Camp Area", "SUBTYPE": null, "UNITNBR": "432", "DETAIL": "Hike-in Group Camp", "UNITNAME": "Henry W. Coe SP", "SHARE": null, "GlobalID": "{D8B8E599-FF07-426A-A202-5D976A12CCB8}", "WHAT3WORD_": "bangle.wayward.uproot" }, "geometry": { "type": "Point", "coordinates": [ -13525289.8562, 4464229.186499997973442 ] } },
{ "type": "Feature", "properties": { "FID": 2193, "Campground": "8 designated Horse Camps, location unknown", "GISID": "GIS0006532", "TYPE": "Horse Camp Area", "SUBTYPE": null, "UNITNBR": "432", "DETAIL": "8 designated Horse Camps, location unknown", "UNITNAME": "Henry W. Coe SP", "SHARE": null, "GlobalID": "{7332C9BF-525E-4553-A3B1-7F397FCA5610}", "WHAT3WORD_": "downsizing.biology.bookshop" }, "geometry": { "type": "Point", "coordinates": [ -13530553.7097, 4465181.970600001513958 ] } },
{ "type": "Feature", "properties": { "FID": 2194, "Campground": "Cuneo Creek Family Horse Camp", "GISID": "GIS0006533", "TYPE": "Horse Camp Area", "SUBTYPE": null, "UNITNBR": "119", "DETAIL": null, "UNITNAME": "Humboldt Redwoods SP", "SHARE": null, "GlobalID": "{C7D8407E-58B2-47BE-BC94-2A72FD4E2612}", "WHAT3WORD_": "earth.recounting.swigs" }, "geometry": { "type": "Point", "coordinates": [ -13807548.4401, 4914777.681599996984005 ] } },
{ "type": "Feature", "properties": { "FID": 2195, "Campground": "Albee Creek Campground", "GISID": "GIS0006534", "TYPE": "Developed Family Camp Area", "SUBTYPE": null, "UNITNBR": "119", "DETAIL": "Albee Creek Campground", "UNITNAME": "Humboldt Redwoods SP", "SHARE": null, "GlobalID": "{D58D5DC9-D344-4C91-B013-929DAE9784FE}", "WHAT3WORD_": "blockage.beaten.packers" }, "geometry": { "type": "Point", "coordinates": [ -13804681.9633, 4917387.557700000703335 ] } },
{ "type": "Feature", "properties": { "FID": 2196, "Campground": "Burlington Campground", "GISID": "GIS0006535", "TYPE": "Developed Family Camp Area", "SUBTYPE": null, "UNITNBR": "119", "DETAIL": "Burlington Campground", "UNITNAME": "Humboldt Redwoods SP", "SHARE": null, "GlobalID": "{FA39AF6B-B973-4501-936A-7BA76F456526}", "WHAT3WORD_": "bitter.hillsides.tamer" }, "geometry": { "type": "Point", "coordinates": [ -13793503.4826, 4910968.611299999058247 ] } },
{ "type": "Feature", "properties": { "FID": 2197, "Campground": "Burlington Campground Hike/Bike Camp", "GISID": "GIS0006536", "TYPE": "Hike/Bike Camp Area", "SUBTYPE": null, "UNITNBR": "119", "DETAIL": "Burlington Campground Hike/Bike Camp", "UNITNAME": "Humboldt Redwoods SP", "SHARE": null, "GlobalID": "{DB4EC365-C122-4288-8097-365BA716FB94}", "WHAT3WORD_": "forthcoming.overpower.icicle" }, "geometry": { "type": "Point", "coordinates": [ -13793491.682799998670816, 4910893.723700001835823 ] } },
{ "type": "Feature", "properties": { "FID": 2198, "Campground": "Big Sycamore Canyon Campground", "GISID": "GIS0006537", "TYPE": "Developed Family Camp Area", "SUBTYPE": null, "UNITNBR": "573", "DETAIL": "Big Sycamore Canyon Campground", "UNITNAME": "Point Mugu SP", "SHARE": null, "GlobalID": "{0893904E-9D66-47D5-87DA-72B56E6CB7B8}", "WHAT3WORD_": "softener.streetcar.stored" }, "geometry": { "type": "Point", "coordinates": [ -13248659.1405, 4038618.842100001871586 ] } },
{ "type": "Feature", "properties": { "FID": 2199, "Campground": "Thornhill Broome Beach Campground", "GISID": "GIS0006538", "TYPE": "Primitive Family Camp Area", "SUBTYPE": null, "UNITNBR": "573", "DETAIL": "Thornhill Broome Beach Campground", "UNITNAME": "Point Mugu SP", "SHARE": null, "GlobalID": "{DEAA0B17-9D32-4C2C-8563-3DBDA996028D}", "WHAT3WORD_": "jobs.hesitating.bleached" }, "geometry": { "type": "Point", "coordinates": [ -13250739.1452, 4039828.696800000965595 ] } },
{ "type": "Feature", "properties": { "FID": 2200, "Campground": "Road Runner Campground", "GISID": "GIS0006539", "TYPE": "Developed Family Camp Area", "SUBTYPE": null, "UNITNBR": "665", "DETAIL": "Road Runner CG; Sites 391 - 432", "UNITNAME": "Lake Perris SRA", "SHARE": null, "GlobalID": "{E92D1B4A-45D8-4948-90A3-01B0B395585A}", "WHAT3WORD_": "instance.enhances.sour" }, "geometry": { "type": "Point", "coordinates": [ -13044150.2078, 4012281.036300003528595 ] } },
{ "type": "Feature", "properties": { "FID": 2201, "Campground": "Bernasconi Group Camp", "GISID": "GIS0006540", "TYPE": "Developed Group Camp Area", "SUBTYPE": null, "UNITNBR": "665", "DETAIL": "Bernasconi Group Camp", "UNITNAME": "Lake Perris SRA", "SHARE": null, "GlobalID": "{09E699A5-48D3-4DCC-94D0-FA37327071C3}", "WHAT3WORD_": "zombies.sanitation.process" }, "geometry": { "type": "Point", "coordinates": [ -13042881.2769, 4007674.519900001585484 ] } },
{ "type": "Feature", "properties": { "FID": 2202, "Campground": "Northside Group Camp", "GISID": "GIS0006541", "TYPE": "Developed Group Camp Area", "SUBTYPE": null, "UNITNBR": "665", "DETAIL": "Northside Group Camp", "UNITNAME": "Lake Perris SRA", "SHARE": null, "GlobalID": "{C8E207F4-A9FC-4746-BC54-8550EB65FC5C}", "WHAT3WORD_": "deposits.propeller.demanding" }, "geometry": { "type": "Point", "coordinates": [ -13042863.1318, 4012602.702399998903275 ] } },
{ "type": "Feature", "properties": { "FID": 2203, "Campground": "Malibu Creek Campground", "GISID": "GIS0006542", "TYPE": "Developed Family Camp Area", "SUBTYPE": null, "UNITNBR": "537", "DETAIL": "Malibu Creek Campground", "UNITNAME": "Malibu Creek SP", "SHARE": null, "GlobalID": "{EBB04E96-20BF-482F-9571-6246EA3DC723}", "WHAT3WORD_": "dine.fidgeting.relearn" }, "geometry": { "type": "Point", "coordinates": [ -13215053.1221, 4041458.884400002658367 ] } },
{ "type": "Feature", "properties": { "FID": 2204, "Campground": "Malibu Creek Group Camp", "GISID": "GIS0006543", "TYPE": "Developed Group Camp Area", "SUBTYPE": null, "UNITNBR": "537", "DETAIL": "Malibu Creek Group Camp", "UNITNAME": "Malibu Creek SP", "SHARE": null, "GlobalID": "{95880E28-6B1E-426A-912F-F23FC64F9BB3}", "WHAT3WORD_": "posh.bikers.fonts" }, "geometry": { "type": "Point", "coordinates": [ -13215063.9201, 4041085.727200001478195 ] } },
{ "type": "Feature", "properties": { "FID": 2205, "Campground": "Cleone Campground Hike/Bike Camp", "GISID": "GIS0006544", "TYPE": "Hike/Bike Camp Area", "SUBTYPE": null, "UNITNBR": "146", "DETAIL": "Cleone Campground Hike/Bike Camp", "UNITNAME": "MacKerricher SP", "SHARE": null, "GlobalID": "{CA5869FD-C76D-42EA-9611-E6BC00765973}", "WHAT3WORD_": "sued.replica.custom" }, "geometry": { "type": "Point", "coordinates": [ -13780225.0711, 4792033.064900003373623 ] } },
{ "type": "Feature", "properties": { "FID": 2206, "Campground": "Lake Perris Horse Camp", "GISID": "GIS0006546", "TYPE": "Horse Camp Area", "SUBTYPE": null, "UNITNBR": "665", "DETAIL": null, "UNITNAME": "Lake Perris SRA", "SHARE": null, "GlobalID": "{EFF75813-0EA1-4EF6-B880-08CF10214B0D}", "WHAT3WORD_": "steer.races.forecast" }, "geometry": { "type": "Point", "coordinates": [ -13044490.0662, 4012429.197300001978874 ] } },
{ "type": "Feature", "properties": { "FID": 2207, "Campground": "Quail Campground", "GISID": "GIS0006547", "TYPE": "Hike/Bike Camp Area", "SUBTYPE": null, "UNITNBR": "665", "DETAIL": "Hike/Bike; 2 loops: E: Sites 1 - 44; W: 45 - 88", "UNITNAME": "Lake Perris SRA", "SHARE": null, "GlobalID": "{4729B90C-1E48-4C3C-B07F-8FF711DA00C9}", "WHAT3WORD_": "rush.cuppa.intruders" }, "geometry": { "type": "Point", "coordinates": [ -13044388.7654, 4011854.66499999910593 ] } },
{ "type": "Feature", "properties": { "FID": 2208, "Campground": "Beach, Lower Creek and Redwood Loops", "GISID": "GIS0006548", "TYPE": "Developed Family Camp Area", "SUBTYPE": null, "UNITNBR": "461", "DETAIL": "Beach, Lower Creek and Redwood Loops", "UNITNAME": "Limekiln SP", "SHARE": null, "GlobalID": "{5F63A7F0-12D2-4B36-87CC-D1F4BB8AA68B}", "WHAT3WORD_": "media.heist.primer" }, "geometry": { "type": "Point", "coordinates": [ -13527364.5176, 4302025.104699999094009 ] } },
{ "type": "Feature", "properties": { "FID": 2209, "Campground": "Andrew Molera Trail Camp", "GISID": "GIS0006549", "TYPE": "Primitive Family Camp Area", "SUBTYPE": null, "UNITNBR": "491", "DETAIL": "Andrew Molera Trail Camp", "UNITNAME": "Andrew Molera SP", "SHARE": null, "GlobalID": "{BC3F8169-4DE9-410F-9CF6-A101D49427A2}", "WHAT3WORD_": "statues.overfed.suddenly" }, "geometry": { "type": "Point", "coordinates": [ -13563733.1518, 4340127.155500002205372 ] } },
{ "type": "Feature", "properties": { "FID": 2210, "Campground": "Barbecue Terrace Horse Camp", "GISID": "GIS0006552", "TYPE": "Horse Camp Area", "SUBTYPE": null, "UNITNBR": "203", "DETAIL": null, "UNITNAME": "Mount Diablo SP", "SHARE": null, "GlobalID": "{C6E8C198-1C91-4699-9B03-442808F55211}", "WHAT3WORD_": "treasures.invisibly.maxims" }, "geometry": { "type": "Point", "coordinates": [ -13573824.5976, 4560074.128799997270107 ] } },
{ "type": "Feature", "properties": { "FID": 2211, "Campground": "Wildcat Group Camp", "GISID": "GIS0006553", "TYPE": "Primitive Group Camp Area", "SUBTYPE": null, "UNITNBR": "203", "DETAIL": "Wildcat Group Camp", "UNITNAME": "Mount Diablo SP", "SHARE": null, "GlobalID": "{3D0A6290-4FF6-4EB6-A967-9F23BBB96B4C}", "WHAT3WORD_": "routs.lied.circuit" }, "geometry": { "type": "Point", "coordinates": [ -13573558.4327, 4560096.971400000154972 ] } },
{ "type": "Feature", "properties": { "FID": 2212, "Campground": "Old Pioneer Horse Camp", "GISID": "GIS0006554", "TYPE": "Horse Camp Area", "SUBTYPE": null, "UNITNBR": "203", "DETAIL": null, "UNITNAME": "Mount Diablo SP", "SHARE": null, "GlobalID": "{BBFCA016-7686-43D7-B51D-A193EDCE59AF}", "WHAT3WORD_": "trapped.quilt.palace" }, "geometry": { "type": "Point", "coordinates": [ -13572463.494199998676777, 4561522.1919 ] } },
{ "type": "Feature", "properties": { "FID": 2213, "Campground": "Boundary Group", "GISID": "GIS0006555", "TYPE": "Primitive Group Camp Area", "SUBTYPE": null, "UNITNBR": "203", "DETAIL": "Boundary Group", "UNITNAME": "Mount Diablo SP", "SHARE": null, "GlobalID": "{EA5D0CC1-844B-4018-BEE7-DC3F7632FA68}", "WHAT3WORD_": "lolly.crossing.each" }, "geometry": { "type": "Point", "coordinates": [ -13573832.1673, 4560731.647699996829033 ] } },
{ "type": "Feature", "properties": { "FID": 2214, "Campground": "Stagecoach Group Camp", "GISID": "GIS0006556", "TYPE": "Primitive Group Camp Area", "SUBTYPE": null, "UNITNBR": "203", "DETAIL": "Stagecoach Group Camp", "UNITNAME": "Mount Diablo SP", "SHARE": null, "GlobalID": "{19023956-AC5D-43F9-8BFE-40312F0CCE99}", "WHAT3WORD_": "studios.dashes.bespoke" }, "geometry": { "type": "Point", "coordinates": [ -13573638.360100001096725, 4560628.991400003433228 ] } },
{ "type": "Feature", "properties": { "FID": 2215, "Campground": "Juniper CG", "GISID": "GIS0006557", "TYPE": "Developed Family Camp Area", "SUBTYPE": null, "UNITNBR": "203", "DETAIL": "Juniper CG", "UNITNAME": "Mount Diablo SP", "SHARE": null, "GlobalID": "{1B0AFA4F-2003-45CA-AE2F-BC2215493DD2}", "WHAT3WORD_": "enthusiast.bounding.eagles" }, "geometry": { "type": "Point", "coordinates": [ -13573449.6736, 4562160.7632 ] } },
{ "type": "Feature", "properties": { "FID": 2216, "Campground": "Live Oak CG", "GISID": "GIS0006558", "TYPE": "Developed Family Camp Area", "SUBTYPE": null, "UNITNBR": "203", "DETAIL": "Live Oak CG", "UNITNAME": "Mount Diablo SP", "SHARE": null, "GlobalID": "{DAB0C9D0-F95B-4CE2-946F-2F8E6619BFED}", "WHAT3WORD_": "undercover.brilliance.resorting" }, "geometry": { "type": "Point", "coordinates": [ -13573991.910799998790026, 4558390.827600002288818 ] } },
{ "type": "Feature", "properties": { "FID": 2217, "Campground": "Junction CG", "GISID": "GIS0006559", "TYPE": "Developed Family Camp Area", "SUBTYPE": null, "UNITNBR": "203", "DETAIL": "Junction CG", "UNITNAME": "Mount Diablo SP", "SHARE": null, "GlobalID": "{2F10E704-0A8F-4536-989C-E0F3DF706B6F}", "WHAT3WORD_": "dieting.mute.fellow" }, "geometry": { "type": "Point", "coordinates": [ -13573531.827399998903275, 4560537.757799997925758 ] } },
{ "type": "Feature", "properties": { "FID": 2218, "Campground": "McGrath SB CG", "GISID": "GIS0006560", "TYPE": "Developed Family Camp Area", "SUBTYPE": null, "UNITNBR": "567", "DETAIL": "McGrath SB CG", "UNITNAME": "McGrath SB", "SHARE": null, "GlobalID": "{870A998C-C962-4E06-A488-56422FCA27FC}", "WHAT3WORD_": "seep.chipmunk.thinker" }, "geometry": { "type": "Point", "coordinates": [ -13275580.646200001239777, 4059323.0559 ] } },
{ "type": "Feature", "properties": { "FID": 2219, "Campground": "McGrath Hike and Bike CG", "GISID": "GIS0006561", "TYPE": "Hike/Bike Camp Area", "SUBTYPE": null, "UNITNBR": "567", "DETAIL": "McGrath Hike and Bike CG", "UNITNAME": "McGrath SB", "SHARE": null, "GlobalID": "{47EFCAF2-E7DC-4088-8275-742615D2CD2E}", "WHAT3WORD_": "commit.response.birthday" }, "geometry": { "type": "Point", "coordinates": [ -13275638.6436, 4059250.487099997699261 ] } },
{ "type": "Feature", "properties": { "FID": 2220, "Campground": "McConnell Group Camp B", "GISID": "GIS0006562", "TYPE": "Developed Group Camp Area", "SUBTYPE": null, "UNITNBR": "310", "DETAIL": "McConnell Group Camp B", "UNITNAME": "McConnell SRA", "SHARE": null, "GlobalID": "{08B99202-7CE4-45C2-906B-3D8CBD7E71B4}", "WHAT3WORD_": "silk.burns.digs" }, "geometry": { "type": "Point", "coordinates": [ -13437543.380800001323223, 4497237.385300002992153 ] } },
{ "type": "Feature", "properties": { "FID": 2221, "Campground": "McConnell Group Camp A", "GISID": "GIS0006563", "TYPE": "Developed Group Camp Area", "SUBTYPE": null, "UNITNBR": "310", "DETAIL": "McConnell Group Camp A", "UNITNAME": "McConnell SRA", "SHARE": null, "GlobalID": "{6BFEC2EC-9DB0-4B41-856B-AB189FF6951A}", "WHAT3WORD_": "pokers.island.taps" }, "geometry": { "type": "Point", "coordinates": [ -13437539.5959, 4497180.621699996292591 ] } },
{ "type": "Feature", "properties": { "FID": 2222, "Campground": "Pantoll CG", "GISID": "GIS0006564", "TYPE": "Developed Family Camp Area", "SUBTYPE": null, "UNITNBR": "239", "DETAIL": "Pantoll CG", "UNITNAME": "Mount Tamalpais SP", "SHARE": null, "GlobalID": "{7E5E3EEC-70A1-4B0B-8002-A306B7BAAFBF}", "WHAT3WORD_": "spenders.hotter.wound" }, "geometry": { "type": "Point", "coordinates": [ -13648176.3327, 4565840.646099999547005 ] } },
{ "type": "Feature", "properties": { "FID": 2223, "Campground": "Idyllwild Campground", "GISID": "GIS0006565", "TYPE": "Developed Family Camp Area", "SUBTYPE": null, "UNITNBR": "616", "DETAIL": "Idyllwild Campground", "UNITNAME": "Mount San Jacinto SP", "SHARE": null, "GlobalID": "{B8240941-05E0-4069-A2CA-DA4728A532D9}", "WHAT3WORD_": "eases.limes.represent" }, "geometry": { "type": "Point", "coordinates": [ -12992682.8657, 3995136.130500003695488 ] } },
{ "type": "Feature", "properties": { "FID": 2224, "Campground": "Stone Creek Campground", "GISID": "GIS0006566", "TYPE": "Developed Family Camp Area", "SUBTYPE": null, "UNITNBR": "616", "DETAIL": "Stone Creek Campground", "UNITNAME": "Mount San Jacinto SP", "SHARE": null, "GlobalID": "{3D9C6B8E-4F48-42CD-A5A3-1EECA93E5195}", "WHAT3WORD_": "hallmarks.rodeo.funnels" }, "geometry": { "type": "Point", "coordinates": [ -12996281.6022, 4000012.045000001788139 ] } },
{ "type": "Feature", "properties": { "FID": 2225, "Campground": "Strawberry Junction", "GISID": "GIS0006567", "TYPE": "Primitive Family Camp Area", "SUBTYPE": null, "UNITNBR": "616", "DETAIL": "Strawberry Junction", "UNITNAME": "Mount San Jacinto SP", "SHARE": null, "GlobalID": "{E9A31BED-4A9C-4B01-B9AF-231831A2F410}", "WHAT3WORD_": "telephone.signifies.resize" }, "geometry": { "type": "Point", "coordinates": [ -12991278.793, 3999651.0878000035882 ] } },
{ "type": "Feature", "properties": { "FID": 2226, "Campground": "Little Round Valley", "GISID": "GIS0006568", "TYPE": "Undefined", "SUBTYPE": null, "UNITNBR": "616", "DETAIL": "Wilderness hike-in camp", "UNITNAME": "Mount San Jacinto SP", "SHARE": null, "GlobalID": "{4C578B5A-E867-4EAC-A3DB-32C1A0D61727}", "WHAT3WORD_": "racetrack.stash.hazy" }, "geometry": { "type": "Point", "coordinates": [ -12989612.8968, 4003542.926600001752377 ] } },
{ "type": "Feature", "properties": { "FID": 2227, "Campground": "Tamarack Valley", "GISID": "GIS0006569", "TYPE": "Undefined", "SUBTYPE": null, "UNITNBR": "616", "DETAIL": "Wilderness hike-in camp", "UNITNAME": "Mount San Jacinto SP", "SHARE": null, "GlobalID": "{88DC882B-295B-4325-84BF-CF636BB8070F}", "WHAT3WORD_": "registry.committed.buoyancy" }, "geometry": { "type": "Point", "coordinates": [ -12986654.3587, 4003264.923000000417233 ] } },
{ "type": "Feature", "properties": { "FID": 2228, "Campground": "Round Valley", "GISID": "GIS0006570", "TYPE": "Undefined", "SUBTYPE": null, "UNITNBR": "616", "DETAIL": "Wilderness hike-in camp", "UNITNAME": "Mount San Jacinto SP", "SHARE": null, "GlobalID": "{0DE1F5FF-A008-458B-BD37-4B0B948C08F9}", "WHAT3WORD_": "punctual.consistently.album" }, "geometry": { "type": "Point", "coordinates": [ -12986835.0302, 4002640.209899999201298 ] } },
{ "type": "Feature", "properties": { "FID": 2229, "Campground": "Ben Ries Campground", "GISID": "GIS0006571", "TYPE": "Developed Family Camp Area", "SUBTYPE": null, "UNITNBR": "423", "DETAIL": "Ben Ries Campground", "UNITNAME": "Butano SP", "SHARE": null, "GlobalID": "{21C2E63B-1B38-4B2D-AEB0-429BB5550928}", "WHAT3WORD_": "swatting.narrowest.elegant" }, "geometry": { "type": "Point", "coordinates": [ -13617580.94990000128746, 4468466.304999999701977 ] } },
{ "type": "Feature", "properties": { "FID": 2230, "Campground": "Butano Trail Camp", "GISID": "GIS0006572", "TYPE": "Primitive Family Camp Area", "SUBTYPE": null, "UNITNBR": "423", "DETAIL": "Butano Trail Camp", "UNITNAME": "Butano SP", "SHARE": null, "GlobalID": "{B0393DF2-C98B-45D8-8D2C-9B9EE28F3D91}", "WHAT3WORD_": "transpired.prom.crucially" }, "geometry": { "type": "Point", "coordinates": [ -13613319.7511, 4470308.556900002062321 ] } },
{ "type": "Feature", "properties": { "FID": 2231, "Campground": "Rancho del Oso Horse Camp", "GISID": "GIS0006573", "TYPE": "Horse Camp Area", "SUBTYPE": null, "UNITNBR": "406", "DETAIL": "Rancho del Oso Horse Camp", "UNITNAME": "Big Basin Redwoods SP", "SHARE": null, "GlobalID": "{1A5DB06A-5BFF-4A8B-9572-379FC7857058}", "WHAT3WORD_": "inflatable.highlights.overtly" }, "geometry": { "type": "Point", "coordinates": [ -13611836.5302, 4453228.027300000190735 ] } },
{ "type": "Feature", "properties": { "FID": 2232, "Campground": "Alder Trail Camp", "GISID": "GIS0006574", "TYPE": "Primitive Family Camp Area", "SUBTYPE": null, "UNITNBR": "406", "DETAIL": "Alder Trail Camp", "UNITNAME": "Big Basin Redwoods SP", "SHARE": null, "GlobalID": "{C9FAB4E5-9992-4428-8E9E-07BBDE7ECA6E}", "WHAT3WORD_": "waging.covers.innovations" }, "geometry": { "type": "Point", "coordinates": [ -13610948.0893, 4454996.288099996745586 ] } },
{ "type": "Feature", "properties": { "FID": 2233, "Campground": "Twin Redwoods Trail Camp", "GISID": "GIS0006575", "TYPE": "Primitive Family Camp Area", "SUBTYPE": null, "UNITNBR": "406", "DETAIL": "Twin Redwoods Trail Camp", "UNITNAME": "Big Basin Redwoods SP", "SHARE": null, "GlobalID": "{250D2F94-86DF-4BA1-84F7-2BE56D8591C9}", "WHAT3WORD_": "converter.oval.weeping" }, "geometry": { "type": "Point", "coordinates": [ -13610850.239500001072884, 4455338.584299996495247 ] } },
{ "type": "Feature", "properties": { "FID": 2234, "Campground": "Sunset Trail Camp", "GISID": "GIS0006576", "TYPE": "Primitive Family Camp Area", "SUBTYPE": null, "UNITNBR": "406", "DETAIL": "Sunset Trail Camp (primitive)", "UNITNAME": "Big Basin Redwoods SP", "SHARE": null, "GlobalID": "{FB794C43-78F0-48B9-9377-69FDB98835B1}", "WHAT3WORD_": "luckily.docked.illuminate" }, "geometry": { "type": "Point", "coordinates": [ -13611093.0273, 4464327.129699997603893 ] } },
{ "type": "Feature", "properties": { "FID": 2235, "Campground": "Sempervirens Campground", "GISID": "GIS0006577", "TYPE": "Developed Family Camp Area", "SUBTYPE": null, "UNITNBR": "406", "DETAIL": "Sempervirens Campground", "UNITNAME": "Big Basin Redwoods SP", "SHARE": null, "GlobalID": "{8F6D4638-930B-4CD7-BF7F-17DA0A9B2E6F}", "WHAT3WORD_": "snowboard.pulp.somehow" }, "geometry": { "type": "Point", "coordinates": [ -13604649.8552, 4462647.690499998629093 ] } },
{ "type": "Feature", "properties": { "FID": 2236, "Campground": "Blooms Creek Campground", "GISID": "GIS0006578", "TYPE": "Developed Family Camp Area", "SUBTYPE": null, "UNITNBR": "406", "DETAIL": "Blooms Creek Campground", "UNITNAME": "Big Basin Redwoods SP", "SHARE": null, "GlobalID": "{1B2E7839-6045-4101-858E-1548A4465E49}", "WHAT3WORD_": "guarded.vanilla.instruments" }, "geometry": { "type": "Point", "coordinates": [ -13605335.5832, 4462515.956399999558926 ] } },
{ "type": "Feature", "properties": { "FID": 2237, "Campground": "Jay Campground", "GISID": "GIS0006579", "TYPE": "Primitive Family Camp Area", "SUBTYPE": null, "UNITNBR": "406", "DETAIL": "Jay Campground", "UNITNAME": "Big Basin Redwoods SP", "SHARE": null, "GlobalID": "{C3A993EB-2E43-42A6-8088-C8BE10486A7B}", "WHAT3WORD_": "dispute.tolerates.darker" }, "geometry": { "type": "Point", "coordinates": [ -13605516.477400001138449, 4462677.865299999713898 ] } },
{ "type": "Feature", "properties": { "FID": 2238, "Campground": "Sequoia Group Campground", "GISID": "GIS0006580", "TYPE": "Developed Group Camp Area", "SUBTYPE": null, "UNITNBR": "406", "DETAIL": "Sequoia Group Campground", "UNITNAME": "Big Basin Redwoods SP", "SHARE": null, "GlobalID": "{70390126-7F12-4188-A52E-1968BB23195B}", "WHAT3WORD_": "imprinted.agreement.showcased" }, "geometry": { "type": "Point", "coordinates": [ -13605297.9573, 4463491.218699999153614 ] } },
{ "type": "Feature", "properties": { "FID": 2239, "Campground": "Wastahi Campground", "GISID": "GIS0006581", "TYPE": "Developed Family Camp Area", "SUBTYPE": null, "UNITNBR": "406", "DETAIL": "Wastahi Campground", "UNITNAME": "Big Basin Redwoods SP", "SHARE": null, "GlobalID": "{136A95AB-A031-4C0A-B62D-4D6F8127BF51}", "WHAT3WORD_": "spite.dismantled.napped" }, "geometry": { "type": "Point", "coordinates": [ -13604499.128600001335144, 4463769.80179999768734 ] } },
{ "type": "Feature", "properties": { "FID": 2240, "Campground": "Huckleberry Campground", "GISID": "GIS0006582", "TYPE": "Developed Family Camp Area", "SUBTYPE": null, "UNITNBR": "406", "DETAIL": "Huckleberry Campground", "UNITNAME": "Big Basin Redwoods SP", "SHARE": null, "GlobalID": "{DF88CB9B-B870-4FDE-8A5A-F59ED2054BEB}", "WHAT3WORD_": "investments.changed.elegant" }, "geometry": { "type": "Point", "coordinates": [ -13604054.5185, 4463653.00280000269413 ] } },
{ "type": "Feature", "properties": { "FID": 2241, "Campground": "Sky Meadow Group Campground", "GISID": "GIS0006583", "TYPE": "Developed Group Camp Area", "SUBTYPE": null, "UNITNBR": "406", "DETAIL": "Sky Meadow Group Campground", "UNITNAME": "Big Basin Redwoods SP", "SHARE": null, "GlobalID": "{1D29C82B-32B0-43B1-8C0D-89CD590C2A75}", "WHAT3WORD_": "sunflowers.ideals.slider" }, "geometry": { "type": "Point", "coordinates": [ -13603775.6632, 4464217.869300000369549 ] } },
{ "type": "Feature", "properties": { "FID": 2242, "Campground": "Rocky Point-Steep Ravine Environmental Camp", "GISID": "GIS0006584", "TYPE": "Environmental Camp Area", "SUBTYPE": null, "UNITNBR": "239", "DETAIL": "Rocky Point-Steep Ravine Environmental Camp", "UNITNAME": "Mount Tamalpais SP", "SHARE": null, "GlobalID": "{30CF9EBC-07EA-4625-B939-885950B6CBF7}", "WHAT3WORD_": "armpit.mugs.fostering" }, "geometry": { "type": "Point", "coordinates": [ -13650771.3013, 4562810.656900003552437 ] } },
{ "type": "Feature", "properties": { "FID": 2243, "Campground": "Back Ranch Meadows Walk-in Campground", "GISID": "GIS0006585", "TYPE": "Environmental Camp Area", "SUBTYPE": null, "UNITNBR": "202", "DETAIL": "Back Ranch Meadows Walk-in Campground", "UNITNAME": "China Camp SP", "SHARE": null, "GlobalID": "{A493DC4E-1F5A-43ED-AAF4-5578462B4F6B}", "WHAT3WORD_": "disrupting.customers.replicated" }, "geometry": { "type": "Point", "coordinates": [ -13636063.992800001055002, 4580223.434000000357628 ] } },
{ "type": "Feature", "properties": { "FID": 2244, "Campground": "Valley View CG", "GISID": "GIS0006586", "TYPE": "Developed Family Camp Area", "SUBTYPE": null, "UNITNBR": "412", "DETAIL": "Valley View CG", "UNITNAME": "Fremont Peak SP", "SHARE": null, "GlobalID": "{82A867F2-EA67-4F60-BE0C-4643FF408823}", "WHAT3WORD_": "little.visor.loomed" }, "geometry": { "type": "Point", "coordinates": [ -13525855.804499998688698, 4405790.535700000822544 ] } },
{ "type": "Feature", "properties": { "FID": 2245, "Campground": "Deer Canyon EC", "GISID": "GIS0006587", "TYPE": "Environmental Camp Area", "SUBTYPE": null, "UNITNBR": "594", "DETAIL": "Deer Canyon EC", "UNITNAME": "Crystal Cove SP", "SHARE": null, "GlobalID": "{A33BC2FA-26E3-4C68-B99C-BAEA226FEE24}", "WHAT3WORD_": "cliff.respectively.untouched" }, "geometry": { "type": "Point", "coordinates": [ -13113584.181699998676777, 3974353.284100003540516 ] } },
{ "type": "Feature", "properties": { "FID": 2246, "Campground": "Upper Moro Ridge Environmental Campground", "GISID": "GIS0006588", "TYPE": "Environmental Camp Area", "SUBTYPE": null, "UNITNBR": "594", "DETAIL": "Upper Moro Ridge Env Camp", "UNITNAME": "Crystal Cove SP", "SHARE": null, "GlobalID": "{7DD2AE27-8363-4ECB-BB05-3DCADA290A7E}", "WHAT3WORD_": "groovy.bruiser.crunching" }, "geometry": { "type": "Point", "coordinates": [ -13112218.1802, 3973226.090400002896786 ] } },
{ "type": "Feature", "properties": { "FID": 2247, "Campground": "Lower Moro Ridge Environmental Campground", "GISID": "GIS0006589", "TYPE": "Environmental Camp Area", "SUBTYPE": null, "UNITNBR": "594", "DETAIL": "Lower Moro Ridge Env Camp", "UNITNAME": "Crystal Cove SP", "SHARE": null, "GlobalID": "{8EF5C7A3-B605-46C0-A68C-2BA99CE77BD9}", "WHAT3WORD_": "peaches.likely.laced" }, "geometry": { "type": "Point", "coordinates": [ -13112809.064100001007318, 3971990.780500002205372 ] } },
{ "type": "Feature", "properties": { "FID": 2248, "Campground": "Doe Flat Group Camp", "GISID": "GIS0006590", "TYPE": "Developed Group Camp Area", "SUBTYPE": null, "UNITNBR": "412", "DETAIL": "Tent only Group Camp", "UNITNAME": "Fremont Peak SP", "SHARE": null, "GlobalID": "{CABB8BE8-6619-4B1F-9B75-B426E808CD5C}", "WHAT3WORD_": "subdued.hurl.locals" }, "geometry": { "type": "Point", "coordinates": [ -13524754.2982, 4406011.469800002872944 ] } },
{ "type": "Feature", "properties": { "FID": 2249, "Campground": "Bullfrog Pond Campground", "GISID": "GIS0006591", "TYPE": "Developed Family Camp Area", "SUBTYPE": null, "UNITNBR": "245", "DETAIL": "No reservations", "UNITNAME": "Austin Creek SRA", "SHARE": null, "GlobalID": "{B72ADA14-CB90-40BA-AD9B-7B565C358244}", "WHAT3WORD_": "gulped.bookstores.travels" }, "geometry": { "type": "Point", "coordinates": [ -13693435.832, 4659554.568800002336502 ] } },
{ "type": "Feature", "properties": { "FID": 2250, "Campground": "Tom King Camp", "GISID": "GIS0006592", "TYPE": "Environmental Camp Area", "SUBTYPE": null, "UNITNBR": "245", "DETAIL": "Back Country Primitive Campsite", "UNITNAME": "Austin Creek SRA", "SHARE": null, "GlobalID": "{F0CD90D0-5036-4AC1-8CE1-76DD139AC66E}", "WHAT3WORD_": "ready.shockingly.lemons" }, "geometry": { "type": "Point", "coordinates": [ -13697148.7823, 4660467.77250000089407 ] } },
{ "type": "Feature", "properties": { "FID": 2251, "Campground": "Mannings Flat I", "GISID": "GIS0006593", "TYPE": "Environmental Camp Area", "SUBTYPE": null, "UNITNBR": "245", "DETAIL": "At mile point 4.8 on Austin Creek Trl", "UNITNAME": "Austin Creek SRA", "SHARE": null, "GlobalID": "{67EA4F1B-3D86-43FF-8C63-5451F331C009}", "WHAT3WORD_": "replays.downs.consuming" }, "geometry": { "type": "Point", "coordinates": [ -13699602.3752, 4661477.175300002098083 ] } },
{ "type": "Feature", "properties": { "FID": 2252, "Campground": "Mannings Flat II", "GISID": "GIS0006594", "TYPE": "Environmental Camp Area", "SUBTYPE": null, "UNITNBR": "245", "DETAIL": "At mile point 5.0 on Austin Creek Trl", "UNITNAME": "Austin Creek SRA", "SHARE": null, "GlobalID": "{7960A0B0-0DB2-4931-A839-3688D4CD03DF}", "WHAT3WORD_": "commanding.heeding.horses" }, "geometry": { "type": "Point", "coordinates": [ -13699740.5227, 4661795.579999998211861 ] } },
{ "type": "Feature", "properties": { "FID": 2253, "Campground": "Woodson Bridge Group Camp", "GISID": "GIS0006595", "TYPE": "Developed Group Camp Area", "SUBTYPE": null, "UNITNBR": "129", "DETAIL": "In Loop 19-37", "UNITNAME": "Woodson Bridge SRA", "SHARE": null, "GlobalID": "{125733DE-FDA2-4141-A687-CB67F5315D7C}", "WHAT3WORD_": "seat.alteration.distracts" }, "geometry": { "type": "Point", "coordinates": [ -13590416.7677, 4853348.936700001358986 ] } },
{ "type": "Feature", "properties": { "FID": 2254, "Campground": "Bidg Lagoon Environmental Campsites", "GISID": "GIS0006598", "TYPE": "Environmental Camp Area", "SUBTYPE": null, "UNITNBR": "105", "DETAIL": "Number & location not determined", "UNITNAME": "Humboldt Lagoons SP", "SHARE": null, "GlobalID": "{1DBCBEC7-6A74-45D9-896A-9AF9E4C90F9E}", "WHAT3WORD_": "juggles.granny.pints" }, "geometry": { "type": "Point", "coordinates": [ -13815709.605999998748302, 5045187.548699997365475 ] } },
{ "type": "Feature", "properties": { "FID": 2255, "Campground": "Penn Creek Campground", "GISID": "GIS0006599", "TYPE": "Developed Family Camp Area", "SUBTYPE": null, "UNITNBR": "106", "DETAIL": "Loop 1-15", "UNITNAME": "Sue-meg SP", "SHARE": null, "GlobalID": "{8838704F-13C5-4579-84B6-53B6D71DE5E3}", "WHAT3WORD_": "crazy.shaving.dishes" }, "geometry": { "type": "Point", "coordinates": [ -13820904.886599998921156, 5032085.238200001418591 ] } },
{ "type": "Feature", "properties": { "FID": 2256, "Campground": "Abalone Campground", "GISID": "GIS0006600", "TYPE": "Developed Family Camp Area", "SUBTYPE": null, "UNITNBR": "106", "DETAIL": "Loop 16-85; ADASites 65, 68, 69", "UNITNAME": "Sue-meg SP", "SHARE": null, "GlobalID": "{34302041-A471-4FD2-A445-1052816D62E3}", "WHAT3WORD_": "factored.shelved.fabricated" }, "geometry": { "type": "Point", "coordinates": [ -13821251.6468, 5032172.88400000333786 ] } },
{ "type": "Feature", "properties": { "FID": 2257, "Campground": "Sue-meg Hike/Bike Camp", "GISID": "GIS0006601", "TYPE": "Hike/Bike Camp Area", "SUBTYPE": null, "UNITNBR": "106", "DETAIL": null, "UNITNAME": "Sue-meg SP", "SHARE": null, "GlobalID": "{5F125BCA-808C-41DA-8D8F-19E6DE24C137}", "WHAT3WORD_": "offline.advertised.boggles" }, "geometry": { "type": "Point", "coordinates": [ -13821371.204, 5032778.297200001776218 ] } },
{ "type": "Feature", "properties": { "FID": 2258, "Campground": "Manchester SP Group Camp", "GISID": "GIS0006602", "TYPE": "Primitive Group Camp Area", "SUBTYPE": null, "UNITNBR": "147", "DETAIL": null, "UNITNAME": "Manchester SP", "SHARE": null, "GlobalID": "{6359D2BD-DC49-4182-A032-4A508366AF1C}", "WHAT3WORD_": "crunching.assumes.scoots" }, "geometry": { "type": "Point", "coordinates": [ -13770698.7944, 4719017.799699999392033 ] } },
{ "type": "Feature", "properties": { "FID": 2259, "Campground": "Manchester SP Campground", "GISID": "GIS0006603", "TYPE": "Primitive Family Camp Area", "SUBTYPE": null, "UNITNBR": "147", "DETAIL": "Kinney Area Campground", "UNITNAME": "Manchester SP", "SHARE": null, "GlobalID": "{BCEEF823-CDAC-4C4B-99C5-BE23FDF635CE}", "WHAT3WORD_": "sealed.circling.consult" }, "geometry": { "type": "Point", "coordinates": [ -13770200.5283, 4719129.785800002515316 ] } },
{ "type": "Feature", "properties": { "FID": 2260, "Campground": "Manchester SP Hike/Bike Camp", "GISID": "GIS0006604", "TYPE": "Hike/Bike Camp Area", "SUBTYPE": null, "UNITNBR": "147", "DETAIL": null, "UNITNAME": "Manchester SP", "SHARE": null, "GlobalID": "{7AE5D937-53A3-4DE3-BBBB-053C6476840A}", "WHAT3WORD_": "musts.retailing.zaps" }, "geometry": { "type": "Point", "coordinates": [ -13770158.0043, 4719037.132299996912479 ] } },
{ "type": "Feature", "properties": { "FID": 2261, "Campground": "Navarro Beach Campground", "GISID": "GIS0006606", "TYPE": "Primitive Family Camp Area", "SUBTYPE": null, "UNITNBR": "144", "DETAIL": "No water", "UNITNAME": "Navarro River Redwoods SP", "SHARE": null, "GlobalID": "{BDFE0DDF-3D1E-4707-A6BF-B8794BF9674F}", "WHAT3WORD_": "briefer.schoolwork.clinic" }, "geometry": { "type": "Point", "coordinates": [ -13776687.1151, 4749135.953299999237061 ] } },
{ "type": "Feature", "properties": { "FID": 2262, "Campground": "Paul M. Dimmick Campground", "GISID": "GIS0006607", "TYPE": "Primitive Family Camp Area", "SUBTYPE": null, "UNITNBR": "144", "DETAIL": null, "UNITNAME": "Navarro River Redwoods SP", "SHARE": null, "GlobalID": "{8B797A51-B230-4633-8147-C4F024892E54}", "WHAT3WORD_": "resembling.supposing.bouncing" }, "geometry": { "type": "Point", "coordinates": [ -13763310.4085, 4744240.331699997186661 ] } },
{ "type": "Feature", "properties": { "FID": 2263, "Campground": "East Cleone Group Camp", "GISID": "GIS0006608", "TYPE": "Developed Group Camp Area", "SUBTYPE": null, "UNITNBR": "146", "DETAIL": null, "UNITNAME": "MacKerricher SP", "SHARE": null, "GlobalID": "{8975C9C6-9735-493E-A9AC-952517FC9E55}", "WHAT3WORD_": "earphones.unite.pivots" }, "geometry": { "type": "Point", "coordinates": [ -13780310.5645, 4792114.707699999213219 ] } },
{ "type": "Feature", "properties": { "FID": 2264, "Campground": "West Cleone Group Camp", "GISID": "GIS0006609", "TYPE": "Developed Group Camp Area", "SUBTYPE": null, "UNITNBR": "146", "DETAIL": null, "UNITNAME": "MacKerricher SP", "SHARE": null, "GlobalID": "{2DD6443F-E9C3-4DBF-9888-FC0E69471EC1}", "WHAT3WORD_": "incomplete.defender.lecturers" }, "geometry": { "type": "Point", "coordinates": [ -13780563.371100001037121, 4792130.286300003528595 ] } },
{ "type": "Feature", "properties": { "FID": 2265, "Campground": "East Pinewood Campground", "GISID": "GIS0006610", "TYPE": "Developed Family Camp Area", "SUBTYPE": null, "UNITNBR": "146", "DETAIL": "Loop 21-107", "UNITNAME": "MacKerricher SP", "SHARE": null, "GlobalID": "{4445526F-6ADA-456C-8C9B-DA54E4311B38}", "WHAT3WORD_": "dust.slogan.fragmented" }, "geometry": { "type": "Point", "coordinates": [ -13780232.8635, 4792398.587399996817112 ] } },
{ "type": "Feature", "properties": { "FID": 2266, "Campground": "Surfwood Campground", "GISID": "GIS0006611", "TYPE": "Developed Family Camp Area", "SUBTYPE": null, "UNITNBR": "146", "DETAIL": "Loop 108-143", "UNITNAME": "MacKerricher SP", "SHARE": null, "GlobalID": "{52F39FA4-B36A-4986-B086-B7B43D8A8BD1}", "WHAT3WORD_": "enthusiast.mistreated.kickers" }, "geometry": { "type": "Point", "coordinates": [ -13780924.9368, 4791753.234300002455711 ] } },
{ "type": "Feature", "properties": { "FID": 2267, "Campground": "MacKerricher Walk-in Camp", "GISID": "GIS0006612", "TYPE": "Hike/Bike Camp Area", "SUBTYPE": null, "UNITNBR": "146", "DETAIL": "Surfwood CG Walk-in camp", "UNITNAME": "MacKerricher SP", "SHARE": null, "GlobalID": "{B6F15233-1EA2-4254-8D2A-B79D05FFF335}", "WHAT3WORD_": "fluttering.steaming.rangers" }, "geometry": { "type": "Point", "coordinates": [ -13781080.4501, 4791656.016599997878075 ] } },
{ "type": "Feature", "properties": { "FID": 2268, "Campground": "Van Damme Group Camp", "GISID": "GIS0006613", "TYPE": "Developed Group Camp Area", "SUBTYPE": null, "UNITNBR": "142", "DETAIL": null, "UNITNAME": "Van Damme SP", "SHARE": null, "GlobalID": "{AA71BD66-FFFB-4297-B9AE-EF17BD0D3606}", "WHAT3WORD_": "daredevil.pupils.satisfy" }, "geometry": { "type": "Point", "coordinates": [ -13779938.5348, 4761406.908699996769428 ] } },
{ "type": "Feature", "properties": { "FID": 2269, "Campground": "Deer Campground", "GISID": "GIS0006614", "TYPE": "Developed Family Camp Area", "SUBTYPE": null, "UNITNBR": "665", "DETAIL": "Upper RV (2 loops); Sites 192 - 353", "UNITNAME": "Lake Perris SRA", "SHARE": null, "GlobalID": "{BE74AEEA-63D3-47CA-ACEC-EC5DEC0653CD}", "WHAT3WORD_": "lifetimes.squashed.logos" }, "geometry": { "type": "Point", "coordinates": [ -13043806.7872, 4012013.680799998342991 ] } },
{ "type": "Feature", "properties": { "FID": 2270, "Campground": "Irvine Finch Enroute Camping", "GISID": "GIS0006615", "TYPE": "Enroute Camp Area", "SUBTYPE": null, "UNITNBR": "163", "DETAIL": null, "UNITNAME": "Bidwell-Sacramento River SP", "SHARE": null, "GlobalID": "{C2AF5991-0E32-45E9-A99C-6A7EE5719584}", "WHAT3WORD_": "engines.boiled.smart" }, "geometry": { "type": "Point", "coordinates": [ -13580815.7956, 4829618.668300002813339 ] } },
{ "type": "Feature", "properties": { "FID": 2271, "Campground": "Bolsa Chica Campground", "GISID": "GIS0006616", "TYPE": "Developed Family Camp Area", "SUBTYPE": null, "UNITNBR": "534", "DETAIL": "Hookups only.", "UNITNAME": "Bolsa Chica SB", "SHARE": null, "GlobalID": "{42E07B9F-339D-4215-83C9-ABA486D46054}", "WHAT3WORD_": "open.pans.formally" }, "geometry": { "type": "Point", "coordinates": [ -13140552.7755, 3987417.131800003349781 ] } },
{ "type": "Feature", "properties": { "FID": 2272, "Campground": "Benbow Lake RV only", "GISID": "GIS0006617", "TYPE": "Developed Family Camp Area", "SUBTYPE": null, "UNITNBR": "123", "DETAIL": "Full hookups outside the rest of the cg", "UNITNAME": "Benbow SRA", "SHARE": null, "GlobalID": "{3A0BD956-3878-4031-948B-CB2837693BE6}", "WHAT3WORD_": "punchy.reserve.heroism" }, "geometry": { "type": "Point", "coordinates": [ -13779968.4797, 4874250.640500001609325 ] } },
{ "type": "Feature", "properties": { "FID": 2273, "Campground": "Benbow Lake Campground", "GISID": "GIS0006618", "TYPE": "Developed Family Camp Area", "SUBTYPE": null, "UNITNBR": "123", "DETAIL": null, "UNITNAME": "Benbow SRA", "SHARE": null, "GlobalID": "{FFFB09C1-47B4-417F-98F4-2EEDC977C6E0}", "WHAT3WORD_": "confiding.sedative.alarm" }, "geometry": { "type": "Point", "coordinates": [ -13779419.563299998641014, 4874744.563900001347065 ] } },
{ "type": "Feature", "properties": { "FID": 2274, "Campground": "Sweetwood Group Camp", "GISID": "GIS0006620", "TYPE": "Developed Group Camp Area", "SUBTYPE": null, "UNITNBR": "277", "DETAIL": "Minimum 9 persons Max 12 veh", "UNITNAME": "Half Moon Bay SB", "SHARE": null, "GlobalID": "{0912B2C6-3AF9-4ED1-9CBD-A18426221DD2}", "WHAT3WORD_": "stir.good.monumental" }, "geometry": { "type": "Point", "coordinates": [ -13631150.0166, 4506507.427599996328354 ] } },
{ "type": "Feature", "properties": { "FID": 2275, "Campground": "Rio Group Site", "GISID": "GIS0006621", "TYPE": "Developed Group Camp Area", "SUBTYPE": null, "UNITNBR": "592", "DETAIL": null, "UNITNAME": "Silverwood Lake SRA", "SHARE": null, "GlobalID": "{C92C27D7-A114-4A9E-AB15-21D8C879BF78}", "WHAT3WORD_": "ranged.contender.loft" }, "geometry": { "type": "Point", "coordinates": [ -13065211.7441, 4067523.090300001204014 ] } },
{ "type": "Feature", "properties": { "FID": 2276, "Campground": "Baranca Group Site", "GISID": "GIS0006622", "TYPE": "Developed Group Camp Area", "SUBTYPE": null, "UNITNBR": "592", "DETAIL": null, "UNITNAME": "Silverwood Lake SRA", "SHARE": null, "GlobalID": "{CE03BA58-C80A-4EFF-AD8B-26E947D0FAA4}", "WHAT3WORD_": "inaccurate.timbered.gangway" }, "geometry": { "type": "Point", "coordinates": [ -13065040.98, 4067515.8147 ] } },
{ "type": "Feature", "properties": { "FID": 2277, "Campground": "Valle Group Site", "GISID": "GIS0006623", "TYPE": "Developed Group Camp Area", "SUBTYPE": null, "UNITNBR": "592", "DETAIL": null, "UNITNAME": "Silverwood Lake SRA", "SHARE": null, "GlobalID": "{210F3451-CC0A-4F96-B207-F7C1377349A7}", "WHAT3WORD_": "admirals.stall.reader" }, "geometry": { "type": "Point", "coordinates": [ -13064768.5812, 4067523.090300001204014 ] } },
{ "type": "Feature", "properties": { "FID": 2278, "Campground": "Mesa Campground Hike and Bike Camp", "GISID": "GIS0006624", "TYPE": "Hike/Bike Camp Area", "SUBTYPE": null, "UNITNBR": "592", "DETAIL": null, "UNITNAME": "Silverwood Lake SRA", "SHARE": null, "GlobalID": "{1177A9CF-45FF-4806-9B2D-819D87608DCC}", "WHAT3WORD_": "belly.pouts.softly" }, "geometry": { "type": "Point", "coordinates": [ -13062814.4789, 4067011.113200001418591 ] } },
{ "type": "Feature", "properties": { "FID": 2279, "Campground": "Miller Canyon Group Camp", "GISID": "GIS0006625", "TYPE": "Developed Group Camp Area", "SUBTYPE": null, "UNITNBR": "592", "DETAIL": null, "UNITNAME": "Silverwood Lake SRA", "SHARE": null, "GlobalID": "{9A3D6E5E-51B1-4707-BC26-1A29AB726894}", "WHAT3WORD_": "hacker.zombies.thank" }, "geometry": { "type": "Point", "coordinates": [ -13057358.9333, 4065402.577600002288818 ] } },
{ "type": "Feature", "properties": { "FID": 2280, "Campground": "Bidwell Canyon - Gold Flat", "GISID": "GIS0006626", "TYPE": "Developed Family Camp Area", "SUBTYPE": null, "UNITNBR": "151", "DETAIL": "Sites 1-39", "UNITNAME": "Lake Oroville SRA", "SHARE": null, "GlobalID": "{B6D180C6-43D9-4DEF-923E-5F2D6BA6AE01}", "WHAT3WORD_": "headers.crusty.attic" }, "geometry": { "type": "Point", "coordinates": [ -13520592.285, 4798243.5641999989748 ] } },
{ "type": "Feature", "properties": { "FID": 2281, "Campground": "Bidwell Canyon - Big Pine", "GISID": "GIS0006627", "TYPE": "Developed Family Camp Area", "SUBTYPE": null, "UNITNBR": "151", "DETAIL": "Sites 40-75", "UNITNAME": "Lake Oroville SRA", "SHARE": null, "GlobalID": "{97286C47-E939-45F1-9D30-AA5B6BE8E1F3}", "WHAT3WORD_": "alarming.modesty.display" }, "geometry": { "type": "Point", "coordinates": [ -13520596.181200001388788, 4798679.173600003123283 ] } },
{ "type": "Feature", "properties": { "FID": 2282, "Campground": "Spillway Boat Launch Parking Enroute Camping", "GISID": "GIS0006628", "TYPE": "Enroute Camp Area", "SUBTYPE": null, "UNITNBR": "151", "DETAIL": "Self-contained, 1 night", "UNITNAME": "Lake Oroville SRA", "SHARE": null, "GlobalID": "{99DD67A0-0240-499C-9F4F-B84AA8600143}", "WHAT3WORD_": "sting.lagoon.monkey" }, "geometry": { "type": "Point", "coordinates": [ -13524669.6953, 4800367.663999997079372 ] } },
{ "type": "Feature", "properties": { "FID": 2283, "Campground": "Floating Campsites 1-2", "GISID": "GIS0006629", "TYPE": "Developed Family Camp Area", "SUBTYPE": null, "UNITNBR": "151", "DETAIL": null, "UNITNAME": "Lake Oroville SRA", "SHARE": null, "GlobalID": "{EBA30407-0EC2-4B9F-8F74-13FCC7FC5D60}", "WHAT3WORD_": "overturned.supposes.steeps" }, "geometry": { "type": "Point", "coordinates": [ -13523263.8415, 4803216.093699999153614 ] } },
{ "type": "Feature", "properties": { "FID": 2284, "Campground": "Bloomer Group Boat-in site", "GISID": "GIS0006630", "TYPE": "Primitive Group Camp Area", "SUBTYPE": null, "UNITNBR": "151", "DETAIL": null, "UNITNAME": "Lake Oroville SRA", "SHARE": null, "GlobalID": "{7A2C0EC7-05CF-4068-B024-9E5D4392848B}", "WHAT3WORD_": "thud.wells.creates" }, "geometry": { "type": "Point", "coordinates": [ -13524732.0343, 4809476.303300000727177 ] } },
{ "type": "Feature", "properties": { "FID": 2285, "Campground": "Boomer Ravine Boat-in Camp", "GISID": "GIS0006631", "TYPE": "Primitive Family Camp Area", "SUBTYPE": null, "UNITNBR": "151", "DETAIL": null, "UNITNAME": "Lake Oroville SRA", "SHARE": null, "GlobalID": "{B8C363A4-8AAE-46D1-B798-15E3B502B2AF}", "WHAT3WORD_": "names.traitor.pardon" }, "geometry": { "type": "Point", "coordinates": [ -13522930.7736, 4811895.025399997830391 ] } },
{ "type": "Feature", "properties": { "FID": 2286, "Campground": "Boomer Boat-in Camps", "GISID": "GIS0006632", "TYPE": "Primitive Family Camp Area", "SUBTYPE": null, "UNITNBR": "151", "DETAIL": null, "UNITNAME": "Lake Oroville SRA", "SHARE": null, "GlobalID": "{3C31C654-7B5E-4412-928E-2063196D5A18}", "WHAT3WORD_": "informers.topples.baseless" }, "geometry": { "type": "Point", "coordinates": [ -13524856.6008, 4810594.042400002479553 ] } },
{ "type": "Feature", "properties": { "FID": 2287, "Campground": "Goat Ranch Boat-in Camp", "GISID": "GIS0006633", "TYPE": "Primitive Family Camp Area", "SUBTYPE": null, "UNITNBR": "151", "DETAIL": null, "UNITNAME": "Lake Oroville SRA", "SHARE": null, "GlobalID": "{C349B2DF-590D-4DE8-A888-E58B8A4C0611}", "WHAT3WORD_": "procured.fries.baskets" }, "geometry": { "type": "Point", "coordinates": [ -13525086.2529, 4816067.7820999994874 ] } },
{ "type": "Feature", "properties": { "FID": 2288, "Campground": "Foreman Creek Boat-in Camp", "GISID": "GIS0006634", "TYPE": "Primitive Family Camp Area", "SUBTYPE": null, "UNITNBR": "151", "DETAIL": null, "UNITNAME": "Lake Oroville SRA", "SHARE": null, "GlobalID": "{6E6BFEBC-DB9F-4C86-AD58-C915105998D3}", "WHAT3WORD_": "trickled.bravo.distracted" }, "geometry": { "type": "Point", "coordinates": [ -13521223.1326, 4805621.603299997746944 ] } },
{ "type": "Feature", "properties": { "FID": 2289, "Campground": "Floating Campsites 3-4", "GISID": "GIS0006635", "TYPE": "Developed Family Camp Area", "SUBTYPE": null, "UNITNBR": "151", "DETAIL": null, "UNITNAME": "Lake Oroville SRA", "SHARE": null, "GlobalID": "{B8156E0C-8AD3-48C9-9DB7-37CB4520760A}", "WHAT3WORD_": "blotchy.kazoo.spun" }, "geometry": { "type": "Point", "coordinates": [ -13517986.741, 4804562.911399997770786 ] } },
{ "type": "Feature", "properties": { "FID": 2290, "Campground": "Lime Saddle Campground", "GISID": "GIS0006636", "TYPE": "Developed Family Camp Area", "SUBTYPE": null, "UNITNBR": "151", "DETAIL": null, "UNITNAME": "Lake Oroville SRA", "SHARE": null, "GlobalID": "{69733161-6770-4371-ACCA-014478FCD6D9}", "WHAT3WORD_": "graceful.pushed.genuine" }, "geometry": { "type": "Point", "coordinates": [ -13531748.947, 4819747.151199996471405 ] } },
{ "type": "Feature", "properties": { "FID": 2291, "Campground": "Lime Saddle Group Camps", "GISID": "GIS0006637", "TYPE": "Developed Group Camp Area", "SUBTYPE": null, "UNITNBR": "151", "DETAIL": null, "UNITNAME": "Lake Oroville SRA", "SHARE": null, "GlobalID": "{4A3D7A48-D3A3-48AC-A04C-D818B42EBE37}", "WHAT3WORD_": "lengthen.serving.mimed" }, "geometry": { "type": "Point", "coordinates": [ -13532220.9417, 4820530.721500001847744 ] } },
{ "type": "Feature", "properties": { "FID": 2292, "Campground": "Floating Campsite 5", "GISID": "GIS0006638", "TYPE": "Developed Family Camp Area", "SUBTYPE": null, "UNITNBR": "151", "DETAIL": null, "UNITNAME": "Lake Oroville SRA", "SHARE": null, "GlobalID": "{E602EC85-7EB5-4AA4-9CDF-3FACD8B673FF}", "WHAT3WORD_": "ships.disordered.relieve" }, "geometry": { "type": "Point", "coordinates": [ -13515202.1953, 4804687.406599998474121 ] } },
{ "type": "Feature", "properties": { "FID": 2293, "Campground": "Floating Campsites 6-7", "GISID": "GIS0006639", "TYPE": "Developed Family Camp Area", "SUBTYPE": null, "UNITNBR": "151", "DETAIL": null, "UNITNAME": "Lake Oroville SRA", "SHARE": null, "GlobalID": "{8D39A55D-0FAA-4C87-B0FF-51DA1B45B8F8}", "WHAT3WORD_": "respect.revamping.retreat" }, "geometry": { "type": "Point", "coordinates": [ -13513582.16270000115037, 4802959.343699999153614 ] } },
{ "type": "Feature", "properties": { "FID": 2294, "Campground": "Craig Saddle Boat-in Camp", "GISID": "GIS0006640", "TYPE": "Primitive Family Camp Area", "SUBTYPE": null, "UNITNBR": "151", "DETAIL": null, "UNITNAME": "Lake Oroville SRA", "SHARE": null, "GlobalID": "{B73F3AB6-9A4A-45B9-9305-3165F9C3A4ED}", "WHAT3WORD_": "clowns.provoking.imagination" }, "geometry": { "type": "Point", "coordinates": [ -13514972.4319, 4800671.122900001704693 ] } },
{ "type": "Feature", "properties": { "FID": 2295, "Campground": "Floating Campsites 9-10", "GISID": "GIS0006641", "TYPE": "Developed Family Camp Area", "SUBTYPE": null, "UNITNBR": "151", "DETAIL": null, "UNITNAME": "Lake Oroville SRA", "SHARE": null, "GlobalID": "{AC0FA51A-9BEF-4C6A-8C1B-4B0FC82816D5}", "WHAT3WORD_": "jingle.simulator.symphonic" }, "geometry": { "type": "Point", "coordinates": [ -13512549.1179, 4797842.901000000536442 ] } },
{ "type": "Feature", "properties": { "FID": 2296, "Campground": "Floating Campsite 8", "GISID": "GIS0006642", "TYPE": "Developed Family Camp Area", "SUBTYPE": null, "UNITNBR": "151", "DETAIL": "Location may change with lake conditions", "UNITNAME": "Lake Oroville SRA", "SHARE": null, "GlobalID": "{A491B251-41A7-4570-830E-2CE1004399D7}", "WHAT3WORD_": "fires.autographs.quack" }, "geometry": { "type": "Point", "coordinates": [ -13515852.6351, 4800515.494400002062321 ] } },
{ "type": "Feature", "properties": { "FID": 2297, "Campground": "Coyote Campground", "GISID": "GIS0006643", "TYPE": "Developed Family Camp Area", "SUBTYPE": null, "UNITNBR": "151", "DETAIL": null, "UNITNAME": "Lake Oroville SRA", "SHARE": null, "GlobalID": "{AD64221F-842C-4569-B899-52D92DA4A639}", "WHAT3WORD_": "carpeted.combination.bunny" }, "geometry": { "type": "Point", "coordinates": [ -13519389.9232, 4797523.940700002014637 ] } },
{ "type": "Feature", "properties": { "FID": 2298, "Campground": "Loafer Creek Horse Camps", "GISID": "GIS0006644", "TYPE": "Horse Camp Area", "SUBTYPE": null, "UNITNBR": "151", "DETAIL": null, "UNITNAME": "Lake Oroville SRA", "SHARE": null, "GlobalID": "{AAB69154-9FDE-4584-89B1-49FC5AC68E6A}", "WHAT3WORD_": "prefers.years.chaotic" }, "geometry": { "type": "Point", "coordinates": [ -13520382.1138, 4796792.67960000038147 ] } },
{ "type": "Feature", "properties": { "FID": 2299, "Campground": "Loafer Creek Group Camps", "GISID": "GIS0006645", "TYPE": "Developed Group Camp Area", "SUBTYPE": null, "UNITNBR": "151", "DETAIL": "Grasshoper, Jackrabbit, Manz Berry, etc", "UNITNAME": "Lake Oroville SRA", "SHARE": null, "GlobalID": "{1872A041-DD4B-441C-A6BB-954A6BA3C7A3}", "WHAT3WORD_": "mayonnaise.tried.soundtrack" }, "geometry": { "type": "Point", "coordinates": [ -13519599.9831, 4796349.215199999511242 ] } },
{ "type": "Feature", "properties": { "FID": 2300, "Campground": "Huckleberry Campground", "GISID": "GIS0006646", "TYPE": "Developed Family Camp Area", "SUBTYPE": null, "UNITNBR": "116", "DETAIL": "Huckleberry Campground Family and Hike and Bike", "UNITNAME": "Richardson Grove SP", "SHARE": null, "GlobalID": "{DEBE089E-7568-4588-A471-6FEB0CC5C28C}", "WHAT3WORD_": "torn.development.jetliner" }, "geometry": { "type": "Point", "coordinates": [ -13780799.7023, 4869195.449400000274181 ] } },
{ "type": "Feature", "properties": { "FID": 2301, "Campground": "Richardson Grove Group Campground", "GISID": "GIS0006647", "TYPE": "Developed Group Camp Area", "SUBTYPE": null, "UNITNBR": "116", "DETAIL": "Group campground by day use", "UNITNAME": "Richardson Grove SP", "SHARE": null, "GlobalID": "{12E432D7-6FAE-46BE-8675-FD52738A0815}", "WHAT3WORD_": "asset.detergent.concentrate" }, "geometry": { "type": "Point", "coordinates": [ -13780239.0974, 4868709.651600003242493 ] } },
{ "type": "Feature", "properties": { "FID": 2302, "Campground": "Cedar Grove Group Camp", "GISID": "GIS0006648", "TYPE": "Developed Group Camp Area", "SUBTYPE": null, "UNITNBR": "617", "DETAIL": null, "UNITNAME": "Palomar Mountain SP", "SHARE": null, "GlobalID": "{7A7600F6-0552-4B97-8A20-65BDEEAF33F4}", "WHAT3WORD_": "lighten.dustpan.contenders" }, "geometry": { "type": "Point", "coordinates": [ -13014498.369, 3940517.6587999984622 ] } },
{ "type": "Feature", "properties": { "FID": 2303, "Campground": "Wheeler Camp", "GISID": "GIS0006649", "TYPE": "Environmental Camp Area", "SUBTYPE": null, "UNITNBR": "133", "DETAIL": null, "UNITNAME": "Sinkyone Wilderness SP", "SHARE": null, "GlobalID": "{858F7D03-8E60-40F0-8E46-6437A7BE186D}", "WHAT3WORD_": "smallest.becomes.dumpy" }, "geometry": { "type": "Point", "coordinates": [ -13793763.4136, 4849266.164300002157688 ] } },
{ "type": "Feature", "properties": { "FID": 2304, "Campground": "Orchard Camp", "GISID": "GIS0006650", "TYPE": "Environmental Camp Area", "SUBTYPE": null, "UNITNBR": "133", "DETAIL": null, "UNITNAME": "Sinkyone Wilderness SP", "SHARE": null, "GlobalID": "{610797E5-4958-4BF9-B60F-4239FCD1F745}", "WHAT3WORD_": "wordplay.watercress.snowballs" }, "geometry": { "type": "Point", "coordinates": [ -13797266.0814, 4854244.738799996674061 ] } },
{ "type": "Feature", "properties": { "FID": 2305, "Campground": "Streamside Camp", "GISID": "GIS0006651", "TYPE": "Environmental Camp Area", "SUBTYPE": null, "UNITNBR": "133", "DETAIL": null, "UNITNAME": "Sinkyone Wilderness SP", "SHARE": null, "GlobalID": "{FC683325-D08C-4645-A712-0804B543F708}", "WHAT3WORD_": "crowd.lobbed.loiter" }, "geometry": { "type": "Point", "coordinates": [ -13799963.0187, 4858079.079999998211861 ] } },
{ "type": "Feature", "properties": { "FID": 2306, "Campground": "Jones Beach Camp", "GISID": "GIS0006652", "TYPE": "Environmental Camp Area", "SUBTYPE": null, "UNITNBR": "133", "DETAIL": null, "UNITNAME": "Sinkyone Wilderness SP", "SHARE": null, "GlobalID": "{85FD1456-F500-4DED-8A56-2A9FBDEDAD0B}", "WHAT3WORD_": "palm.quibble.dominating" }, "geometry": { "type": "Point", "coordinates": [ -13800491.341, 4859143.614600002765656 ] } },
{ "type": "Feature", "properties": { "FID": 2307, "Campground": "Borrego Palm Canyon", "GISID": "GIS0006653", "TYPE": "Developed Family Camp Area", "SUBTYPE": null, "UNITNBR": "622", "DETAIL": "Upper Campground", "UNITNAME": "Anza-Borrego Desert SP", "SHARE": null, "GlobalID": "{0BEAD0E8-244E-44CE-96AD-B70FBC200F80}", "WHAT3WORD_": "tickets.geographical.groovy" }, "geometry": { "type": "Point", "coordinates": [ -12959345.3499, 3931008.368600003421307 ] } },
{ "type": "Feature", "properties": { "FID": 2308, "Campground": "Culp  Valley", "GISID": "GIS0006654", "TYPE": "Primitive Family Camp Area", "SUBTYPE": null, "UNITNBR": "622", "DETAIL": null, "UNITNAME": "Anza-Borrego Desert SP", "SHARE": null, "GlobalID": "{07698BD0-3A0A-49E5-BFE7-7DB02E71D176}", "WHAT3WORD_": "brew.alcoves.abortive" }, "geometry": { "type": "Point", "coordinates": [ -12963729.0001, 3925064.119800001382828 ] } },
{ "type": "Feature", "properties": { "FID": 2309, "Campground": "Headquarters CG", "GISID": "GIS0006657", "TYPE": "Developed Family Camp Area", "SUBTYPE": null, "UNITNBR": "623", "DETAIL": "RV Campground, HQ- 15 Hookups", "UNITNAME": "Salton Sea SRA", "SHARE": null, "GlobalID": "{315C2D37-786E-4827-AEC8-3E80A62670D9}", "WHAT3WORD_": "normal.gulped.behinds" }, "geometry": { "type": "Point", "coordinates": [ -12903562.8191, 3962527.577600002288818 ] } },
{ "type": "Feature", "properties": { "FID": 2310, "Campground": "New Campground", "GISID": "GIS0006658", "TYPE": "Developed Family Camp Area", "SUBTYPE": null, "UNITNBR": "623", "DETAIL": "CG- New Camp", "UNITNAME": "Salton Sea SRA", "SHARE": null, "GlobalID": "{DDF6EFA5-6961-42FC-BEEA-59C3084187D4}", "WHAT3WORD_": "collapsed.linger.troublesome" }, "geometry": { "type": "Point", "coordinates": [ -12903245.8925, 3962074.345200002193451 ] } },
{ "type": "Feature", "properties": { "FID": 2311, "Campground": "Mecca Beach Campground", "GISID": "GIS0006659", "TYPE": "Developed Family Camp Area", "SUBTYPE": null, "UNITNBR": "623", "DETAIL": "Campground- Mecca", "UNITNAME": "Salton Sea SRA", "SHARE": null, "GlobalID": "{19FE70D5-8106-450C-AEA5-69F1D079E500}", "WHAT3WORD_": "opponent.agitation.relives" }, "geometry": { "type": "Point", "coordinates": [ -12902127.243, 3960538.026299998164177 ] } },
{ "type": "Feature", "properties": { "FID": 2312, "Campground": "Lane Trail Camp", "GISID": "GIS0006660", "TYPE": "Primitive Family Camp Area", "SUBTYPE": null, "UNITNBR": "406", "DETAIL": "Lane Trail Camp (primitive)", "UNITNAME": "Big Basin Redwoods SP", "SHARE": null, "GlobalID": "{F42A9BF6-C468-4B4F-8165-D27D64C913B6}", "WHAT3WORD_": "riders.intimately.smoke" }, "geometry": { "type": "Point", "coordinates": [ -13605954.9649, 4469133.191200003027916 ] } },
{ "type": "Feature", "properties": { "FID": 2313, "Campground": "Group Camp A", "GISID": "GIS0006666", "TYPE": "Developed Group Camp Area", "SUBTYPE": null, "UNITNBR": "218", "DETAIL": "Group Camps A - Accessible feature", "UNITNAME": "Clear Lake SP", "SHARE": null, "GlobalID": "{16E6681E-D493-43D8-865D-B1C75337B8BF}", "WHAT3WORD_": "discharged.dispute.foal" }, "geometry": { "type": "Point", "coordinates": [ -13671467.4871, 4724376.188199996948242 ] } },
{ "type": "Feature", "properties": { "FID": 2314, "Campground": "Lower Bayview Campground", "GISID": "GIS0006667", "TYPE": "Developed Family Camp Area", "SUBTYPE": null, "UNITNBR": "218", "DETAIL": "Lower Bayview Campground sites 92-112", "UNITNAME": "Clear Lake SP", "SHARE": null, "GlobalID": "{AA80FC8B-DAC4-4B9F-8B6E-993454FDABC4}", "WHAT3WORD_": "valleys.commuting.paraded" }, "geometry": { "type": "Point", "coordinates": [ -13670613.8892, 4723912.832400001585484 ] } },
{ "type": "Feature", "properties": { "FID": 2315, "Campground": "Cole Creek Campground", "GISID": "GIS0006668", "TYPE": "Hike/Bike Camp Area", "SUBTYPE": null, "UNITNBR": "218", "DETAIL": "Cole Creek Campground - Bike and Hike sites", "UNITNAME": "Clear Lake SP", "SHARE": null, "GlobalID": "{61B1CC6C-3D8A-443D-A00D-9D7AA6889422}", "WHAT3WORD_": "liberty.grammar.album" }, "geometry": { "type": "Point", "coordinates": [ -13671579.4745, 4723858.818599998950958 ] } },
{ "type": "Feature", "properties": { "FID": 2316, "Campground": "Upper Bayview Campground", "GISID": "GIS0006669", "TYPE": "Developed Family Camp Area", "SUBTYPE": null, "UNITNBR": "218", "DETAIL": "Upper Bayview Campground sites 113-147", "UNITNAME": "Clear Lake SP", "SHARE": null, "GlobalID": "{60608399-1F04-4A79-992D-253F68BC9820}", "WHAT3WORD_": "punters.pleased.clipboard" }, "geometry": { "type": "Point", "coordinates": [ -13671096.6819, 4723472.707000002264977 ] } },
{ "type": "Feature", "properties": { "FID": 2317, "Campground": "Kelsey Creek Campground", "GISID": "GIS0006670", "TYPE": "Developed Family Camp Area", "SUBTYPE": null, "UNITNBR": "218", "DETAIL": "Kelsey Creek Campground", "UNITNAME": "Clear Lake SP", "SHARE": null, "GlobalID": "{CCC5EAD2-6834-4A2E-8499-4F6685BA470F}", "WHAT3WORD_": "informs.studios.directs" }, "geometry": { "type": "Point", "coordinates": [ -13671185.5148, 4724349.2516999989748 ] } },
{ "type": "Feature", "properties": { "FID": 2318, "Campground": "Williams Grove Group Campground", "GISID": "GIS0006671", "TYPE": "Developed Group Camp Area", "SUBTYPE": null, "UNITNBR": "119", "DETAIL": null, "UNITNAME": "Humboldt Redwoods SP", "SHARE": null, "GlobalID": "{EFC80EB6-AF64-4E3C-AAF2-34001C3B484B}", "WHAT3WORD_": "objects.present.fabric" }, "geometry": { "type": "Point", "coordinates": [ -13791143.732099998742342, 4906212.989600002765656 ] } },
{ "type": "Feature", "properties": { "FID": 2319, "Campground": null, "GISID": "GIS0006673", "TYPE": "Developed Group Camp Area", "SUBTYPE": null, "UNITNBR": "119", "DETAIL": null, "UNITNAME": "Humboldt Redwoods SP", "SHARE": null, "GlobalID": "{66E8A346-E670-4839-BE30-F40B54176E2C}", "WHAT3WORD_": "gossiping.interaction.camp" }, "geometry": { "type": "Point", "coordinates": [ -13795570.685600001364946, 4913356.992600001394749 ] } },
{ "type": "Feature", "properties": { "FID": 2320, "Campground": "Proposed Hamilton Trail Camp", "GISID": "GIS0006674", "TYPE": "Environmental Camp Area", "SUBTYPE": null, "UNITNBR": "119", "DETAIL": "Proposed", "UNITNAME": "Humboldt Redwoods SP", "SHARE": null, "GlobalID": "{8BD3CBB8-1AD1-4220-A4CA-360E6FE7B811}", "WHAT3WORD_": "citrus.mended.infects" }, "geometry": { "type": "Point", "coordinates": [ -13806666.4558, 4916104.222599998116493 ] } },
{ "type": "Feature", "properties": { "FID": 2321, "Campground": "Grasshopper Trail Camp", "GISID": "GIS0006675", "TYPE": "Primitive Family Camp Area", "SUBTYPE": null, "UNITNBR": "119", "DETAIL": "Grasshopper Trail Camp", "UNITNAME": "Humboldt Redwoods SP", "SHARE": null, "GlobalID": "{77440674-AA64-4232-9FD2-2DE26875B4A5}", "WHAT3WORD_": "unanswered.cape.whom" }, "geometry": { "type": "Point", "coordinates": [ -13800811.3846, 4911031.528999999165535 ] } },
{ "type": "Feature", "properties": { "FID": 2322, "Campground": "Bull Creek Trail Camp", "GISID": "GIS0006676", "TYPE": "Primitive Family Camp Area", "SUBTYPE": null, "UNITNBR": "119", "DETAIL": null, "UNITNAME": "Humboldt Redwoods SP", "SHARE": null, "GlobalID": "{BA4E35D7-9869-4EA6-A64D-28B66E9753DA}", "WHAT3WORD_": "trunks.shorts.stressed" }, "geometry": { "type": "Point", "coordinates": [ -13804728.2722, 4907868.768700003623962 ] } },
{ "type": "Feature", "properties": { "FID": 2323, "Campground": "Whiskey Flat Trail Camp", "GISID": "GIS0006677", "TYPE": "Primitive Family Camp Area", "SUBTYPE": null, "UNITNBR": "119", "DETAIL": null, "UNITNAME": "Humboldt Redwoods SP", "SHARE": null, "GlobalID": "{96609E76-7AA0-4DDF-93FB-083502582465}", "WHAT3WORD_": "entries.enjoy.joked" }, "geometry": { "type": "Point", "coordinates": [ -13805174.1067, 4912695.855700001120567 ] } },
{ "type": "Feature", "properties": { "FID": 2324, "Campground": "Hansen Ridge Trail Camp", "GISID": "GIS0006678", "TYPE": "Primitive Family Camp Area", "SUBTYPE": null, "UNITNBR": "119", "DETAIL": null, "UNITNAME": "Humboldt Redwoods SP", "SHARE": null, "GlobalID": "{39DB27EE-1FED-4849-8404-512458214252}", "WHAT3WORD_": "legends.regions.pasted" }, "geometry": { "type": "Point", "coordinates": [ -13804965.3827, 4911161.307199999690056 ] } },
{ "type": "Feature", "properties": { "FID": 2325, "Campground": "Johnson Trail Camp", "GISID": "GIS0006679", "TYPE": "Primitive Family Camp Area", "SUBTYPE": null, "UNITNBR": "119", "DETAIL": "JOHNSON CAMP   -   TRAIL CAMP", "UNITNAME": "Humboldt Redwoods SP", "SHARE": null, "GlobalID": "{B4A8147A-C0BB-4F28-90CC-D9E285EDDE5C}", "WHAT3WORD_": "hurricanes.selfish.chop" }, "geometry": { "type": "Point", "coordinates": [ -13801402.0458, 4913675.75 ] } },
{ "type": "Feature", "properties": { "FID": 2326, "Campground": "Sugarloaf Ridge Group Camp", "GISID": "GIS0006680", "TYPE": "Developed Group Camp Area", "SUBTYPE": null, "UNITNBR": "247", "DETAIL": "Group Standard", "UNITNAME": "Sugarloaf Ridge SP", "SHARE": null, "GlobalID": "{4838C317-AB13-44AB-A842-DD0F7252BCC6}", "WHAT3WORD_": "slowing.elect.good" }, "geometry": { "type": "Point", "coordinates": [ -13637613.2262, 4641482.665399998426437 ] } },
{ "type": "Feature", "properties": { "FID": 2327, "Campground": "Morro Bay SP Group Camp", "GISID": "GIS0006686", "TYPE": "Developed Group Camp Area", "SUBTYPE": null, "UNITNBR": "443", "DETAIL": "S of 2 group camps", "UNITNAME": "Morro Bay SP", "SHARE": null, "GlobalID": "{A0C72B2A-F800-402A-AC69-71480FABE9AB}", "WHAT3WORD_": "dishy.airliners.technical" }, "geometry": { "type": "Point", "coordinates": [ -13451670.1581, 4211297.2971 ] } },
{ "type": "Feature", "properties": { "FID": 2328, "Campground": "Hearst San Simeon Hike/Bike Camp", "GISID": "GIS0006687", "TYPE": "Hike/Bike Camp Area", "SUBTYPE": null, "UNITNBR": "487", "DETAIL": "Former San Simeon SP Hike/Bike CG", "UNITNAME": "Hearst San Simeon SP", "SHARE": null, "GlobalID": "{F2242602-DA12-4B06-AED5-98B0BD927858}", "WHAT3WORD_": "reader.ultimatum.motives" }, "geometry": { "type": "Point", "coordinates": [ -13483645.346, 4245311.451899997889996 ] } },
{ "type": "Feature", "properties": { "FID": 2329, "Campground": "Lester Beach", "GISID": "GIS0006688", "TYPE": "Developed Family Camp Area", "SUBTYPE": null, "UNITNBR": "303", "DETAIL": "Premium Campsites 141-168", "UNITNAME": "D.L. Bliss SP", "SHARE": null, "GlobalID": "{CB42EB8E-82C3-4CEC-B665-035B1D747170}", "WHAT3WORD_": "implicated.words.drips" }, "geometry": { "type": "Point", "coordinates": [ -13369641.1631, 4721542.226400002837181 ] } },
{ "type": "Feature", "properties": { "FID": 2330, "Campground": "Tahoe SRA Family Camp Area", "GISID": "GIS0006689", "TYPE": "Developed Family Camp Area", "SUBTYPE": null, "UNITNBR": "302", "DETAIL": "Meadow side of Hwy 28", "UNITNAME": "Tahoe SRA", "SHARE": null, "GlobalID": "{321FC296-CBE7-4221-AC8F-7F83AAD2DA5A}", "WHAT3WORD_": "brilliance.conspire.discouraged" }, "geometry": { "type": "Point", "coordinates": [ -13373610.816100001335144, 4746910.350400000810623 ] } },
{ "type": "Feature", "properties": { "FID": 2331, "Campground": "Santa Cruz Loop Campground", "GISID": "GIS0006690", "TYPE": "Developed Family Camp Area", "SUBTYPE": null, "UNITNBR": "514", "DETAIL": "Sites 201 - 244; plus Sites: Gull, Plover, Egret", "UNITNAME": "Carpinteria SB", "SHARE": null, "GlobalID": "{954B3B3C-BC4F-4B26-B5A6-1F14E5A0AD94}", "WHAT3WORD_": "mattress.emperor.tilting" }, "geometry": { "type": "Point", "coordinates": [ -13304950.958, 4081530.20549999922514 ] } },
{ "type": "Feature", "properties": { "FID": 2332, "Campground": "Santa Rosa Loop Campground", "GISID": "GIS0006691", "TYPE": "Developed Family Camp Area", "SUBTYPE": null, "UNITNBR": "514", "DETAIL": "RV Hookups; Sites 301 - 380", "UNITNAME": "Carpinteria SB", "SHARE": null, "GlobalID": "{0FF28145-3735-4D58-B4D1-FE26857137E7}", "WHAT3WORD_": "outlines.exile.charcoal" }, "geometry": { "type": "Point", "coordinates": [ -13304703.6061, 4081301.146099999547005 ] } },
{ "type": "Feature", "properties": { "FID": 2333, "Campground": "San Miguel Loop Campground", "GISID": "GIS0006692", "TYPE": "Developed Family Camp Area", "SUBTYPE": null, "UNITNBR": "514", "DETAIL": "RV Hookups; Sites 401 - 456", "UNITNAME": "Carpinteria SB", "SHARE": null, "GlobalID": "{CE18B83B-EE01-4C97-8A90-F254D084A46E}", "WHAT3WORD_": "requires.manual.sleep" }, "geometry": { "type": "Point", "coordinates": [ -13304416.2905, 4081061.164899997413158 ] } },
{ "type": "Feature", "properties": { "FID": 2334, "Campground": "Carpinteria SB Enroute Camp Area", "GISID": "GIS0006693", "TYPE": "Enroute Camp Area", "SUBTYPE": null, "UNITNBR": "514", "DETAIL": "Enroute camp area; see Park rules", "UNITNAME": "Carpinteria SB", "SHARE": null, "GlobalID": "{C9E34E25-F70E-4A83-B45D-6132C006BB89}", "WHAT3WORD_": "intent.nitrogen.dining" }, "geometry": { "type": "Point", "coordinates": [ -13305111.0354, 4081650.26799999922514 ] } },
{ "type": "Feature", "properties": { "FID": 2335, "Campground": "Buckeye Group Camp", "GISID": "GIS0006694", "TYPE": "Primitive Group Camp Area", "SUBTYPE": null, "UNITNBR": "203", "DETAIL": null, "UNITNAME": "Mount Diablo SP", "SHARE": null, "GlobalID": "{2E0F3316-B6A0-4421-A6B3-8E826898C214}", "WHAT3WORD_": "panel.electronics.crash" }, "geometry": { "type": "Point", "coordinates": [ -13573341.805, 4558979.719400003552437 ] } },
{ "type": "Feature", "properties": { "FID": 2336, "Campground": "Russian Gulch SP Group Campground", "GISID": "GIS0006695", "TYPE": "Developed Group Camp Area", "SUBTYPE": null, "UNITNBR": "141", "DETAIL": "Russian Gulch SP Group Campground", "UNITNAME": "Russian Gulch SP", "SHARE": null, "GlobalID": "{9EB5657F-D9C6-48BD-85FC-D0BE705B354F}", "WHAT3WORD_": "rainfall.consult.speeding" }, "geometry": { "type": "Point", "coordinates": [ -13781625.5816, 4769068.343699999153614 ] } },
{ "type": "Feature", "properties": { "FID": 2337, "Campground": "Highland Meadow Campground", "GISID": "GIS0006696", "TYPE": "Developed Family Camp Area", "SUBTYPE": null, "UNITNBR": "142", "DETAIL": null, "UNITNAME": "Van Damme SP", "SHARE": null, "GlobalID": "{12146973-8286-4A97-9160-5C6D0AE459F3}", "WHAT3WORD_": "bedroom.taxable.forgive" }, "geometry": { "type": "Point", "coordinates": [ -13779857.1602, 4761821.653099998831749 ] } },
{ "type": "Feature", "properties": { "FID": 2338, "Campground": "Van Damme SP Hike/Bike Camp", "GISID": "GIS0006697", "TYPE": "Hike/Bike Camp Area", "SUBTYPE": null, "UNITNBR": "142", "DETAIL": null, "UNITNAME": "Van Damme SP", "SHARE": null, "GlobalID": "{05CB79DD-54C8-4B91-AED8-90315370A53A}", "WHAT3WORD_": "secret.piracy.tape" }, "geometry": { "type": "Point", "coordinates": [ -13779620.6063, 4761360.459499999880791 ] } },
{ "type": "Feature", "properties": { "FID": 2339, "Campground": "Fern Canyon Environmental Camp", "GISID": "GIS0006698", "TYPE": "Environmental Camp Area", "SUBTYPE": null, "UNITNBR": "142", "DETAIL": "1.5 miles E of Park entrance along Fern Canyon Tr", "UNITNAME": "Van Damme SP", "SHARE": null, "GlobalID": "{3E1B3C38-39F1-4505-9303-EE206A8B2FB5}", "WHAT3WORD_": "statistical.remaining.repeat" }, "geometry": { "type": "Point", "coordinates": [ -13776203.8772, 4761523.104400001466274 ] } },
{ "type": "Feature", "properties": { "FID": 2340, "Campground": "Russian Gulch Campground", "GISID": "GIS0006699", "TYPE": "Developed Family Camp Area", "SUBTYPE": null, "UNITNBR": "141", "DETAIL": null, "UNITNAME": "Russian Gulch SP", "SHARE": null, "GlobalID": "{3EAA5564-3C46-4587-94E4-520C976576D8}", "WHAT3WORD_": "aims.fasts.propose" }, "geometry": { "type": "Point", "coordinates": [ -13781191.213, 4769215.714000001549721 ] } },
{ "type": "Feature", "properties": { "FID": 2341, "Campground": "Wright's Beach Campground", "GISID": "GIS0006700", "TYPE": "Developed Family Camp Area", "SUBTYPE": null, "UNITNBR": "209", "DETAIL": null, "UNITNAME": "Sonoma Coast SP", "SHARE": null, "GlobalID": "{08B2DD02-7D40-4AB8-8A59-DBB0FBA47415}", "WHAT3WORD_": "stays.toys.cushioned" }, "geometry": { "type": "Point", "coordinates": [ -13702881.958700001239777, 4636121.617899999022484 ] } },
{ "type": "Feature", "properties": { "FID": 2342, "Campground": "Bodega Dunes - Lower", "GISID": "GIS0006701", "TYPE": "Developed Family Camp Area", "SUBTYPE": null, "UNITNBR": "209", "DETAIL": "two loops -", "UNITNAME": "Sonoma Coast SP", "SHARE": null, "GlobalID": "{696CD418-C9F5-4057-92EA-4386F9A2AE86}", "WHAT3WORD_": "thermal.equality.knocks" }, "geometry": { "type": "Point", "coordinates": [ -13698472.2597, 4627304.966300003230572 ] } },
{ "type": "Feature", "properties": { "FID": 2343, "Campground": "Bodega Dunes Walk-in site", "GISID": "GIS0006702", "TYPE": "Hike/Bike Camp Area", "SUBTYPE": null, "UNITNBR": "209", "DETAIL": null, "UNITNAME": "Sonoma Coast SP", "SHARE": null, "GlobalID": "{E2CCA5BB-9F1F-4FF4-9ECA-3B4E444EC4CC}", "WHAT3WORD_": "amongst.doormat.stints" }, "geometry": { "type": "Point", "coordinates": [ -13698238.8228, 4627733.441799998283386 ] } },
{ "type": "Feature", "properties": { "FID": 2344, "Campground": "Green Valley Campground", "GISID": "GIS0006703", "TYPE": "Developed Family Camp Area", "SUBTYPE": null, "UNITNBR": "618", "DETAIL": null, "UNITNAME": "Cuyamaca Rancho SP", "SHARE": null, "GlobalID": "{0C3A08E6-1036-44B7-8685-145E6D68F8C7}", "WHAT3WORD_": "brotherhood.rinses.detests" }, "geometry": { "type": "Point", "coordinates": [ -12978138.4177, 3882673.899400003254414 ] } },
{ "type": "Feature", "properties": { "FID": 2345, "Campground": "Red Alder Group Campground", "GISID": "GIS0006704", "TYPE": "Developed Group Camp Area", "SUBTYPE": null, "UNITNBR": "106", "DETAIL": null, "UNITNAME": "Sue-meg SP", "SHARE": null, "GlobalID": "{D7F9CE81-22F1-43EE-9DF0-A08217B4ED0A}", "WHAT3WORD_": "holding.computer.calculate" }, "geometry": { "type": "Point", "coordinates": [ -13820861.138, 5032666.848700001835823 ] } },
{ "type": "Feature", "properties": { "FID": 2346, "Campground": "Beach Creek Group Camp", "GISID": "GIS0006705", "TYPE": "Developed Group Camp Area", "SUBTYPE": null, "UNITNBR": "106", "DETAIL": null, "UNITNAME": "Sue-meg SP", "SHARE": null, "GlobalID": "{37047E11-B268-4E35-8F87-83915399C3B9}", "WHAT3WORD_": "wanes.graduated.winter" }, "geometry": { "type": "Point", "coordinates": [ -13821016.5401, 5031754.615099996328354 ] } },
{ "type": "Feature", "properties": { "FID": 2347, "Campground": "Westport-Union Landing Campground", "GISID": "GIS0006706", "TYPE": "Primitive Family Camp Area", "SUBTYPE": null, "UNITNBR": "150", "DETAIL": "campground at Abalone Point", "UNITNAME": "Westport-Union Landing SB", "SHARE": null, "GlobalID": "{58B87DB2-F024-46E6-837B-57C4451110AB}", "WHAT3WORD_": "imported.besides.plus" }, "geometry": { "type": "Point", "coordinates": [ -13780314.1266999989748, 4817751.400399997830391 ] } },
{ "type": "Feature", "properties": { "FID": 2348, "Campground": "Primitive CG North of DeHaven Cr", "GISID": "GIS0006707", "TYPE": "Hike/Bike Camp Area", "SUBTYPE": null, "UNITNBR": "150", "DETAIL": "walk in campground due to road washout (?)", "UNITNAME": "Westport-Union Landing SB", "SHARE": null, "GlobalID": "{E5E91365-28BD-437B-BD08-A37C669EFEB2}", "WHAT3WORD_": "community.herds.concern" }, "geometry": { "type": "Point", "coordinates": [ -13779967.3665, 4817194.067199997603893 ] } },
{ "type": "Feature", "properties": { "FID": 2349, "Campground": "Primitive CG near DeHaven Cr", "GISID": "GIS0006708", "TYPE": "Hike/Bike Camp Area", "SUBTYPE": null, "UNITNBR": "150", "DETAIL": "walkin campground due to road washout (?)", "UNITNAME": "Westport-Union Landing SB", "SHARE": null, "GlobalID": "{7CE2FBC1-9591-44E7-BA2A-BBF8B565FFDB}", "WHAT3WORD_": "replaying.frantically.carpeted" }, "geometry": { "type": "Point", "coordinates": [ -13779873.7468, 4816963.999200001358986 ] } },
{ "type": "Feature", "properties": { "FID": 2350, "Campground": "Westport-Union Landing CG near Howard Cr Rd", "GISID": "GIS0006709", "TYPE": "Primitive Family Camp Area", "SUBTYPE": null, "UNITNBR": "150", "DETAIL": "open coastal bluff overlook", "UNITNAME": "Westport-Union Landing SB", "SHARE": null, "GlobalID": "{FA22F6C3-C2C6-44EF-B31D-D4AD87A933C8}", "WHAT3WORD_": "detractors.suggested.superhuman" }, "geometry": { "type": "Point", "coordinates": [ -13780411.6426, 4819871.835600003600121 ] } },
{ "type": "Feature", "properties": { "FID": 2351, "Campground": "primitive CG at Howard Cr", "GISID": "GIS0006710", "TYPE": "Primitive Family Camp Area", "SUBTYPE": null, "UNITNBR": "150", "DETAIL": null, "UNITNAME": "Westport-Union Landing SB", "SHARE": null, "GlobalID": "{4AAFB474-D56E-4E20-990A-010D7506A9F4}", "WHAT3WORD_": "provoking.nominal.showbiz" }, "geometry": { "type": "Point", "coordinates": [ -13780353.0885, 4819435.157799996435642 ] } },
{ "type": "Feature", "properties": { "FID": 2352, "Campground": "West Pinewood Campground", "GISID": "GIS0006711", "TYPE": "Developed Family Camp Area", "SUBTYPE": null, "UNITNBR": "146", "DETAIL": "Sites 61-107", "UNITNAME": "MacKerricher SP", "SHARE": null, "GlobalID": "{60A134B9-C679-4280-8AB0-539D1C5C5E6B}", "WHAT3WORD_": "aced.witless.linger" }, "geometry": { "type": "Point", "coordinates": [ -13780403.9615, 4792394.692699998617172 ] } },
{ "type": "Feature", "properties": { "FID": 2353, "Campground": "RV Campground", "GISID": "GIS0006712", "TYPE": "Developed Family Camp Area", "SUBTYPE": null, "UNITNBR": "541", "DETAIL": "Recreational Vehicle parking / hook-ups", "UNITNAME": "Dockweiler SB", "SHARE": null, "GlobalID": "{423C6CFD-C299-45DD-935C-12DD1C77B566}", "WHAT3WORD_": "pencil.riding.line" }, "geometry": { "type": "Point", "coordinates": [ -13183998.769000001251698, 4019033.363499999046326 ] } },
{ "type": "Feature", "properties": { "FID": 2354, "Campground": "Warren Group Camp", "GISID": "GIS0006713", "TYPE": "Developed Group Camp Area", "SUBTYPE": null, "UNITNBR": "248", "DETAIL": "fire-ring, picnic table, food locker, water.", "UNITNAME": "Salt Point SP", "SHARE": null, "GlobalID": "{A0F164DC-C407-4C7F-B26F-76BDC04F3B07}", "WHAT3WORD_": "mumbled.dock.reflect" }, "geometry": { "type": "Point", "coordinates": [ -13729041.0372, 4660502.3716000020504 ] } },
{ "type": "Feature", "properties": { "FID": 2355, "Campground": "Woodside walk-in campsites", "GISID": "GIS0006714", "TYPE": "Hike/Bike Camp Area", "SUBTYPE": null, "UNITNBR": "248", "DETAIL": null, "UNITNAME": "Salt Point SP", "SHARE": null, "GlobalID": "{754A0996-D773-4AC7-B749-C6424C9B3D86}", "WHAT3WORD_": "into.mouthpiece.spooked" }, "geometry": { "type": "Point", "coordinates": [ -13726541.358, 4659742.641699999570847 ] } },
{ "type": "Feature", "properties": { "FID": 2356, "Campground": "Woodside Hike and Bike Campground", "GISID": "GIS0006715", "TYPE": "Hike/Bike Camp Area", "SUBTYPE": null, "UNITNBR": "248", "DETAIL": "for campders on foot or bicycles", "UNITNAME": "Salt Point SP", "SHARE": null, "GlobalID": "{E44B0159-125D-424F-A019-5C3DC9CAC38C}", "WHAT3WORD_": "fluttering.nowadays.patrolled" }, "geometry": { "type": "Point", "coordinates": [ -13727777.783599998801947, 4660341.194799996912479 ] } },
{ "type": "Feature", "properties": { "FID": 2357, "Campground": "Chino Hills Group Camp", "GISID": "GIS0006716", "TYPE": "Primitive Group Camp Area", "SUBTYPE": null, "UNITNBR": "508", "DETAIL": "Group camp in equestrian staging area", "UNITNAME": "Chino Hills SP", "SHARE": null, "GlobalID": "{71EE750F-30BE-4658-A6A8-DD8F47998617}", "WHAT3WORD_": "retailer.richly.beachfront" }, "geometry": { "type": "Point", "coordinates": [ -13102473.7173, 4018277.661100000143051 ] } },
{ "type": "Feature", "properties": { "FID": 2358, "Campground": "Chino Hills Horse Camp", "GISID": "GIS0006717", "TYPE": "Horse Camp Area", "SUBTYPE": null, "UNITNBR": "508", "DETAIL": null, "UNITNAME": "Chino Hills SP", "SHARE": null, "GlobalID": "{FFB33C65-C085-4176-852B-6787E79F50D7}", "WHAT3WORD_": "blackened.napkins.timer" }, "geometry": { "type": "Point", "coordinates": [ -13102452.01, 4018071.605800002813339 ] } },
{ "type": "Feature", "properties": { "FID": 2359, "Campground": "Slate Creek Trail Camp", "GISID": "GIS0006718", "TYPE": "Primitive Family Camp Area", "SUBTYPE": null, "UNITNBR": "405", "DETAIL": "Trail Camp.  Fires prohibited, backpack stoves OK", "UNITNAME": "Portola Redwoods SP", "SHARE": null, "GlobalID": "{FB25E949-754A-4168-9AE6-1AB233C2320E}", "WHAT3WORD_": "ruthlessly.doorway.fidgeted" }, "geometry": { "type": "Point", "coordinates": [ -13602402.7599, 4475128.674900002777576 ] } },
{ "type": "Feature", "properties": { "FID": 2360, "Campground": "Hillside Group Campground", "GISID": "GIS0006719", "TYPE": "Primitive Group Camp Area", "SUBTYPE": null, "UNITNBR": "405", "DETAIL": null, "UNITNAME": "Portola Redwoods SP", "SHARE": null, "GlobalID": "{4C9E2060-EAA2-4FC7-8D57-93014F1D8FBC}", "WHAT3WORD_": "radioactive.spirit.visual" }, "geometry": { "type": "Point", "coordinates": [ -13605313.8759, 4474702.800399996340275 ] } },
{ "type": "Feature", "properties": { "FID": 2361, "Campground": "Ravine Group Campground", "GISID": "GIS0006720", "TYPE": "Primitive Group Camp Area", "SUBTYPE": null, "UNITNBR": "405", "DETAIL": null, "UNITNAME": "Portola Redwoods SP", "SHARE": null, "GlobalID": "{9E0371D0-EDC2-4AD1-9B46-5CBF68F95377}", "WHAT3WORD_": "cages.widened.comparisons" }, "geometry": { "type": "Point", "coordinates": [ -13605381.7808, 4474661.262800000607967 ] } },
{ "type": "Feature", "properties": { "FID": 2362, "Campground": "Point Group Campground", "GISID": "GIS0006721", "TYPE": "Primitive Group Camp Area", "SUBTYPE": null, "UNITNBR": "405", "DETAIL": null, "UNITNAME": "Portola Redwoods SP", "SHARE": null, "GlobalID": "{867F60D7-5680-4B97-A165-96AB51A4C17E}", "WHAT3WORD_": "anticipated.sheds.spiral" }, "geometry": { "type": "Point", "coordinates": [ -13605204.5602, 4474216.527300000190735 ] } },
{ "type": "Feature", "properties": { "FID": 2363, "Campground": "Circle Group Campground", "GISID": "GIS0006722", "TYPE": "Primitive Group Camp Area", "SUBTYPE": null, "UNITNBR": "405", "DETAIL": null, "UNITNAME": "Portola Redwoods SP", "SHARE": null, "GlobalID": "{8F58BE48-424C-47E0-A148-7DA34D45B36B}", "WHAT3WORD_": "shielding.conga.distort" }, "geometry": { "type": "Point", "coordinates": [ -13605095.2445, 4474182.543600000441074 ] } },
{ "type": "Feature", "properties": { "FID": 2364, "Campground": "Ossagon Creek Trail Camp", "GISID": "GIS0006723", "TYPE": "Primitive Family Camp Area", "SUBTYPE": null, "UNITNBR": "104", "DETAIL": "primitive camp walk in", "UNITNAME": "Prairie Creek Redwoods SP", "SHARE": null, "GlobalID": "{EE31A34B-571E-4EB7-9AFB-1722A2900492}", "WHAT3WORD_": "caused.factories.scares" }, "geometry": { "type": "Point", "coordinates": [ -13810250.1642, 5077726.946900002658367 ] } },
{ "type": "Feature", "properties": { "FID": 2365, "Campground": "Tolowa Dunes SP Horse Camp", "GISID": "GIS0006724", "TYPE": "Horse Camp Area", "SUBTYPE": null, "UNITNBR": "134", "DETAIL": "Horse Camp", "UNITNAME": "Tolowa Dunes SP", "SHARE": null, "GlobalID": "{24120334-3495-4607-B59B-B272BED8D29D}", "WHAT3WORD_": "nerve.checklists.bashful" }, "geometry": { "type": "Point", "coordinates": [ -13825092.2806, 5145850.005900003015995 ] } },
{ "type": "Feature", "properties": { "FID": 2366, "Campground": "Tolowa Dunes SP Environmental Camp", "GISID": "GIS0006725", "TYPE": "Environmental Camp Area", "SUBTYPE": null, "UNITNBR": "134", "DETAIL": null, "UNITNAME": "Tolowa Dunes SP", "SHARE": null, "GlobalID": "{976FA3AE-7023-4188-8C5F-935FE2D0181D}", "WHAT3WORD_": "leans.monday.exploration" }, "geometry": { "type": "Point", "coordinates": [ -13825738.4902, 5141711.291900001466274 ] } },
{ "type": "Feature", "properties": { "FID": 2367, "Campground": "Oak Hollow Campground", "GISID": "GIS0006726", "TYPE": "Developed Family Camp Area", "SUBTYPE": null, "UNITNBR": "306", "DETAIL": null, "UNITNAME": "Calaveras Big Trees SP", "SHARE": null, "GlobalID": "{3D93A046-0650-4947-BC36-2CA1B56D671A}", "WHAT3WORD_": "scandalous.scars.opts" }, "geometry": { "type": "Point", "coordinates": [ -13390633.124699998646975, 4618090.890000000596046 ] } },
{ "type": "Feature", "properties": { "FID": 2368, "Campground": "Lone Snag", "GISID": "GIS0006727", "TYPE": "Environmental Camp Area", "SUBTYPE": null, "UNITNBR": "306", "DETAIL": null, "UNITNAME": "Calaveras Big Trees SP", "SHARE": null, "GlobalID": "{8E011492-4542-4617-BC00-17E15EA88F4F}", "WHAT3WORD_": "justify.being.regarding" }, "geometry": { "type": "Point", "coordinates": [ -13390694.2392, 4619325.300700001418591 ] } },
{ "type": "Feature", "properties": { "FID": 2369, "Campground": "Huckleberry Tent Cabins", "GISID": "GIS0006728", "TYPE": "Developed Family Camp Area", "SUBTYPE": null, "UNITNBR": "406", "DETAIL": "Huckleberry Campground Tent Cabins", "UNITNAME": "Big Basin Redwoods SP", "SHARE": null, "GlobalID": "{C7827EB5-A360-42BA-B38C-E8A41DC1968E}", "WHAT3WORD_": "insisting.pass.hesitantly" }, "geometry": { "type": "Point", "coordinates": [ -13603805.8308, 4463766.029600001871586 ] } },
{ "type": "Feature", "properties": { "FID": 2370, "Campground": "Sheep Canyon", "GISID": "GIS0006729", "TYPE": "Primitive Family Camp Area", "SUBTYPE": null, "UNITNBR": "622", "DETAIL": "Primitive campground", "UNITNAME": "Anza-Borrego Desert SP", "SHARE": null, "GlobalID": "{7CCBDB32-BA57-4D23-936B-CD09C29E3511}", "WHAT3WORD_": "counter.confidential.exhaled" }, "geometry": { "type": "Point", "coordinates": [ -12966423.0431, 3943901.079700000584126 ] } },
{ "type": "Feature", "properties": { "FID": 2371, "Campground": "Arroyo Salado", "GISID": "GIS0006730", "TYPE": "Primitive Family Camp Area", "SUBTYPE": null, "UNITNBR": "622", "DETAIL": null, "UNITNAME": "Anza-Borrego Desert SP", "SHARE": null, "GlobalID": "{6621DD7D-C45D-4957-863A-1DF22DB5B71C}", "WHAT3WORD_": "magnifying.carb.moveable" }, "geometry": { "type": "Point", "coordinates": [ -12928467.5495, 3932034.657399997115135 ] } },
{ "type": "Feature", "properties": { "FID": 2372, "Campground": "Bow Willow", "GISID": "GIS0006731", "TYPE": "Developed Family Camp Area", "SUBTYPE": null, "UNITNBR": "622", "DETAIL": "Semi-developed campground", "UNITNAME": "Anza-Borrego Desert SP", "SHARE": null, "GlobalID": "{1D2720AA-EB5A-4B3F-9A89-488337D5CF2A}", "WHAT3WORD_": "strobes.prop.stoppage" }, "geometry": { "type": "Point", "coordinates": [ -12938141.102, 3874343.415700003504753 ] } },
{ "type": "Feature", "properties": { "FID": 2373, "Campground": "Yaqui Pass", "GISID": "GIS0006732", "TYPE": "Primitive Family Camp Area", "SUBTYPE": null, "UNITNBR": "622", "DETAIL": null, "UNITNAME": "Anza-Borrego Desert SP", "SHARE": null, "GlobalID": "{369DFD91-C4A8-42F6-8C85-51EDF4416D57}", "WHAT3WORD_": "opportunity.shift.plummeted" }, "geometry": { "type": "Point", "coordinates": [ -12951947.1679, 3915083.603000000119209 ] } },
{ "type": "Feature", "properties": { "FID": 2374, "Campground": "Yaqui Well", "GISID": "GIS0006733", "TYPE": "Primitive Family Camp Area", "SUBTYPE": null, "UNITNBR": "622", "DETAIL": null, "UNITNAME": "Anza-Borrego Desert SP", "SHARE": null, "GlobalID": "{12775ABA-1266-4436-8201-A677A1D3D5B4}", "WHAT3WORD_": "pandering.trucks.active" }, "geometry": { "type": "Point", "coordinates": [ -12956359.64979999884963, 3913578.747299998998642 ] } },
{ "type": "Feature", "properties": { "FID": 2375, "Campground": "Fish Creek", "GISID": "GIS0006734", "TYPE": "Primitive Family Camp Area", "SUBTYPE": null, "UNITNBR": "622", "DETAIL": null, "UNITNAME": "Anza-Borrego Desert SP", "SHARE": null, "GlobalID": "{2AF0FCD9-110B-4253-B2BF-F8931E2465C8}", "WHAT3WORD_": "funky.unbound.staring" }, "geometry": { "type": "Point", "coordinates": [ -12925295.5007, 3898332.531999997794628 ] } },
{ "type": "Feature", "properties": { "FID": 2376, "Campground": "Mountain Palm Springs", "GISID": "GIS0006735", "TYPE": "Primitive Family Camp Area", "SUBTYPE": null, "UNITNBR": "622", "DETAIL": null, "UNITNAME": "Anza-Borrego Desert SP", "SHARE": null, "GlobalID": "{0315D7E9-413D-48D6-9FC5-FE4375E8A5BB}", "WHAT3WORD_": "reckons.clowns.cookbook" }, "geometry": { "type": "Point", "coordinates": [ -12937354.852400001138449, 3877221.987700000405312 ] } },
{ "type": "Feature", "properties": { "FID": 2377, "Campground": "Blair Valley", "GISID": "GIS0006736", "TYPE": "Primitive Family Camp Area", "SUBTYPE": null, "UNITNBR": "622", "DETAIL": null, "UNITNAME": "Anza-Borrego Desert SP", "SHARE": null, "GlobalID": "{9C738CB4-3E21-4E51-B265-7398B1A481C1}", "WHAT3WORD_": "aware.scrounge.embarrassing" }, "geometry": { "type": "Point", "coordinates": [ -12957491.7691, 3899681.661499999463558 ] } },
{ "type": "Feature", "properties": { "FID": 2378, "Campground": "Portola Group Camp Area", "GISID": "GIS0006737", "TYPE": "Developed Group Camp Area", "SUBTYPE": null, "UNITNBR": "519", "DETAIL": null, "UNITNAME": "El Capitán SB", "SHARE": null, "GlobalID": "{DEADBBC8-388F-4E05-9114-1C35823C2E96}", "WHAT3WORD_": "classmate.bandstand.glittered" }, "geometry": { "type": "Point", "coordinates": [ -13361621.039099998772144, 4091005.30460000038147 ] } },
{ "type": "Feature", "properties": { "FID": 2379, "Campground": "Drake, Cabrillo, Ortega", "GISID": "GIS0006738", "TYPE": "Developed Group Camp Area", "SUBTYPE": null, "UNITNBR": "519", "DETAIL": "3 group campground loci", "UNITNAME": "El Capitán SB", "SHARE": null, "GlobalID": "{EA8E8B32-B3D7-4298-B098-7733042CD582}", "WHAT3WORD_": "electric.losses.meerkat" }, "geometry": { "type": "Point", "coordinates": [ -13362028.8024, 4091150.850900001823902 ] } },
{ "type": "Feature", "properties": { "FID": 2380, "Campground": "Redwood Campground", "GISID": "GIS0006739", "TYPE": "Developed Family Camp Area", "SUBTYPE": null, "UNITNBR": "117", "DETAIL": null, "UNITNAME": "Standish-Hickey SRA", "SHARE": null, "GlobalID": "{2E023A57-4F48-4DDE-90B1-DCB1F409B9D8}", "WHAT3WORD_": "inch.fleets.restless" }, "geometry": { "type": "Point", "coordinates": [ -13773364.2283, 4847757.078699998557568 ] } },
{ "type": "Feature", "properties": { "FID": 2381, "Campground": "Rock Creek Campground", "GISID": "GIS0006740", "TYPE": "Developed Family Camp Area", "SUBTYPE": null, "UNITNBR": "117", "DETAIL": null, "UNITNAME": "Standish-Hickey SRA", "SHARE": null, "GlobalID": "{8256FE7A-A9D0-45BD-AB76-3F449218431A}", "WHAT3WORD_": "daydream.wayward.clean" }, "geometry": { "type": "Point", "coordinates": [ -13772996.54, 4848108.979900002479553 ] } },
{ "type": "Feature", "properties": { "FID": 2382, "Campground": "Creek CG", "GISID": "GIS0006741", "TYPE": "Developed Family Camp Area", "SUBTYPE": null, "UNITNBR": "301", "DETAIL": "sites 50-108", "UNITNAME": "Donner Memorial SP", "SHARE": null, "GlobalID": "{D7CD4B4B-FF67-44D1-B0E7-8F3E6E3D9A21}", "WHAT3WORD_": "comedians.concept.lyrics" }, "geometry": { "type": "Point", "coordinates": [ -13384258.748100001364946, 4767571.160700000822544 ] } },
{ "type": "Feature", "properties": { "FID": 2383, "Campground": "Ridge CG", "GISID": "GIS0006742", "TYPE": "Developed Family Camp Area", "SUBTYPE": null, "UNITNBR": "301", "DETAIL": "sites 1-49", "UNITNAME": "Donner Memorial SP", "SHARE": null, "GlobalID": "{A0B927FA-2218-4255-A59F-7D9C93B67C1F}", "WHAT3WORD_": "fortunate.hypocrite.pulpit" }, "geometry": { "type": "Point", "coordinates": [ -13384673.7471, 4767691.456699997186661 ] } },
{ "type": "Feature", "properties": { "FID": 2384, "Campground": "Splitrock CG", "GISID": "GIS0006743", "TYPE": "Developed Family Camp Area", "SUBTYPE": null, "UNITNBR": "301", "DETAIL": "sites 109-154", "UNITNAME": "Donner Memorial SP", "SHARE": null, "GlobalID": "{FF0E9F72-B250-4BB0-A380-9610F56F6121}", "WHAT3WORD_": "shockingly.operation.sketches" }, "geometry": { "type": "Point", "coordinates": [ -13385177.9131, 4767482.090800002217293 ] } },
{ "type": "Feature", "properties": { "FID": 2385, "Campground": "Camp Taylor", "GISID": "GIS0006744", "TYPE": "Developed Family Camp Area", "SUBTYPE": null, "UNITNBR": "233", "DETAIL": null, "UNITNAME": "Samuel P. Taylor SP", "SHARE": null, "GlobalID": "{DE76A617-7CDF-4506-9799-40F1787F2EF0}", "WHAT3WORD_": "affair.authorities.pile" }, "geometry": { "type": "Point", "coordinates": [ -13662899.1146, 4582527.358499996364117 ] } },
{ "type": "Feature", "properties": { "FID": 2386, "Campground": "Madrone Group Camp #1", "GISID": "GIS0006745", "TYPE": "Developed Group Camp Area", "SUBTYPE": null, "UNITNBR": "233", "DETAIL": null, "UNITNAME": "Samuel P. Taylor SP", "SHARE": null, "GlobalID": "{6B3FE237-3509-4611-876F-AA813E2F9B47}", "WHAT3WORD_": "rooftop.bossy.repairs" }, "geometry": { "type": "Point", "coordinates": [ -13662514.171799998730421, 4582260.712300002574921 ] } },
{ "type": "Feature", "properties": { "FID": 2387, "Campground": "Paso Picacho Campground", "GISID": "GIS0006747", "TYPE": "Developed Family Camp Area", "SUBTYPE": null, "UNITNBR": "618", "DETAIL": null, "UNITNAME": "Cuyamaca Rancho SP", "SHARE": null, "GlobalID": "{64301AD2-98CD-4570-9D97-4E6DF73FC51C}", "WHAT3WORD_": "greeting.pivot.striving" }, "geometry": { "type": "Point", "coordinates": [ -12977827.390999998897314, 3889747.871699996292591 ] } },
{ "type": "Feature", "properties": { "FID": 2388, "Campground": "Paso Picacho Group Camps A, B", "GISID": "GIS0006748", "TYPE": "Developed Group Camp Area", "SUBTYPE": null, "UNITNBR": "618", "DETAIL": null, "UNITNAME": "Cuyamaca Rancho SP", "SHARE": null, "GlobalID": "{D4449836-B12E-4422-BA0D-5E9D4729F605}", "WHAT3WORD_": "guides.waged.intelligence" }, "geometry": { "type": "Point", "coordinates": [ -12978016.9681, 3890380.858999997377396 ] } },
{ "type": "Feature", "properties": { "FID": 2389, "Campground": "Los Vaqueros Group Horse Campground", "GISID": "GIS0006749", "TYPE": "Horse Camp Area", "SUBTYPE": null, "UNITNBR": "618", "DETAIL": "limit 45 horses, 1 / corral, 50 vehicles 50' max", "UNITNAME": "Cuyamaca Rancho SP", "SHARE": null, "GlobalID": "{92CC729B-6468-47C2-A9F5-B54A0C625700}", "WHAT3WORD_": "impeding.ramble.watchdogs" }, "geometry": { "type": "Point", "coordinates": [ -12975593.9881, 3891242.631099998950958 ] } },
{ "type": "Feature", "properties": { "FID": 2390, "Campground": "Arroyo Seco Trail Camp", "GISID": "GIS0006750", "TYPE": "Primitive Family Camp Area", "SUBTYPE": null, "UNITNBR": "618", "DETAIL": "Horse corrals available", "UNITNAME": "Cuyamaca Rancho SP", "SHARE": null, "GlobalID": "{DB11C1B5-6A6F-401E-8C8D-027F5F52753D}", "WHAT3WORD_": "sometimes.unbound.manages" }, "geometry": { "type": "Point", "coordinates": [ -12979772.9217, 3884757.344300001859665 ] } },
{ "type": "Feature", "properties": { "FID": 2391, "Campground": "Granite Springs Trail Camp", "GISID": "GIS0006751", "TYPE": "Primitive Family Camp Area", "SUBTYPE": null, "UNITNBR": "618", "DETAIL": "Horse corrals available", "UNITNAME": "Cuyamaca Rancho SP", "SHARE": null, "GlobalID": "{23377CB5-6B96-460C-B1A1-D5B2912EADE5}", "WHAT3WORD_": "giggle.implementing.piston" }, "geometry": { "type": "Point", "coordinates": [ -12972285.127500001341105, 3882663.159599997103214 ] } },
{ "type": "Feature", "properties": { "FID": 2392, "Campground": "Ridge Campground", "GISID": "GIS0006752", "TYPE": "Developed Family Camp Area", "SUBTYPE": null, "UNITNBR": "303", "DETAIL": "sites 91-140", "UNITNAME": "D.L. Bliss SP", "SHARE": null, "GlobalID": "{5DDB09E6-8C33-46EE-AA91-9EE4DE5E03D7}", "WHAT3WORD_": "promotional.drum.freeing" }, "geometry": { "type": "Point", "coordinates": [ -13370000.2798, 4720573.256899997591972 ] } },
{ "type": "Feature", "properties": { "FID": 2393, "Campground": "Pines Campground", "GISID": "GIS0006753", "TYPE": "Developed Family Camp Area", "SUBTYPE": null, "UNITNBR": "303", "DETAIL": "sites 1-90", "UNITNAME": "D.L. Bliss SP", "SHARE": null, "GlobalID": "{0C8AADF5-9F78-454B-816C-A1E513DCF7EA}", "WHAT3WORD_": "shame.disparities.misled" }, "geometry": { "type": "Point", "coordinates": [ -13369726.0999, 4719774.231100000441074 ] } },
{ "type": "Feature", "properties": { "FID": 2394, "Campground": "Lower Eagle Point Campground", "GISID": "GIS0006756", "TYPE": "Developed Family Camp Area", "SUBTYPE": null, "UNITNBR": "313", "DETAIL": "Sites 36-100", "UNITNAME": "Emerald Bay SP", "SHARE": null, "GlobalID": "{0070CB76-B293-461C-9099-CF0FE0F8E7A4}", "WHAT3WORD_": "momentous.habitat.keepers" }, "geometry": { "type": "Point", "coordinates": [ -13367250.577, 4716158.277400001883507 ] } },
{ "type": "Feature", "properties": { "FID": 2395, "Campground": "Chute Hill Group Campground", "GISID": "GIS0006760", "TYPE": "Developed Group Camp Area", "SUBTYPE": null, "UNITNBR": "356", "DETAIL": null, "UNITNAME": "Malakoff Diggins SHP", "SHARE": null, "GlobalID": "{BC178505-B598-4AF3-873E-D230DA157C7B}", "WHAT3WORD_": "scrum.meant.accumulate" }, "geometry": { "type": "Point", "coordinates": [ -13458635.6413, 4776409.404500000178814 ] } },
{ "type": "Feature", "properties": { "FID": 2396, "Campground": "Chute Hill Campground", "GISID": "GIS0006761", "TYPE": "Developed Family Camp Area", "SUBTYPE": null, "UNITNBR": "356", "DETAIL": null, "UNITNAME": "Malakoff Diggins SHP", "SHARE": null, "GlobalID": "{DDBB8B02-91B0-412D-BB6D-17023A5CF985}", "WHAT3WORD_": "accepts.solo.regions" }, "geometry": { "type": "Point", "coordinates": [ -13458985.184500001370907, 4775776.743100002408028 ] } },
{ "type": "Feature", "properties": { "FID": 2397, "Campground": "Kopta Canoe Camp", "GISID": "GIS0006762", "TYPE": "Primitive Family Camp Area", "SUBTYPE": null, "UNITNBR": "129", "DETAIL": "non-specific site for canoists", "UNITNAME": "Woodson Bridge SRA", "SHARE": null, "GlobalID": "{34F5DA81-C9E8-473E-A91E-D268E51C028B}", "WHAT3WORD_": "screens.tricycle.grammar" }, "geometry": { "type": "Point", "coordinates": [ -13591982.5877, 4853892.7654 ] } },
{ "type": "Feature", "properties": { "FID": 2398, "Campground": "Azalea Campground", "GISID": "GIS0006763", "TYPE": "Developed Family Camp Area", "SUBTYPE": null, "UNITNBR": "148", "DETAIL": null, "UNITNAME": "Hendy Woods SP", "SHARE": null, "GlobalID": "{74FBF560-C5BE-434A-BAE9-42123122F4B9}", "WHAT3WORD_": "investments.pump.added" }, "geometry": { "type": "Point", "coordinates": [ -13745369.2688, 4732446.334299996495247 ] } },
{ "type": "Feature", "properties": { "FID": 2399, "Campground": "Wildcat Campground", "GISID": "GIS0006764", "TYPE": "Developed Family Camp Area", "SUBTYPE": null, "UNITNBR": "148", "DETAIL": null, "UNITNAME": "Hendy Woods SP", "SHARE": null, "GlobalID": "{4D59FE9B-0317-4B06-825E-D8486FE330E8}", "WHAT3WORD_": "able.shutter.sending" }, "geometry": { "type": "Point", "coordinates": [ -13745102.658599998801947, 4732411.489600002765656 ] } },
{ "type": "Feature", "properties": { "FID": 2400, "Campground": "Wildcat Hike/Bike", "GISID": "GIS0006765", "TYPE": "Hike/Bike Camp Area", "SUBTYPE": null, "UNITNBR": "148", "DETAIL": "site reserved in Wildcat", "UNITNAME": "Hendy Woods SP", "SHARE": null, "GlobalID": "{CC014022-A6B5-438E-8901-AC3331299A56}", "WHAT3WORD_": "disdain.ladders.squeezed" }, "geometry": { "type": "Point", "coordinates": [ -13745114.2358, 4732334.200900003314018 ] } },
{ "type": "Feature", "properties": { "FID": 2401, "Campground": "Salmon Bend Camp Beach", "GISID": "GIS0006766", "TYPE": "Developed Family Camp Area", "SUBTYPE": null, "UNITNBR": "316", "DETAIL": "W bank of Stanislaus River", "UNITNAME": "Caswell Memorial SP", "SHARE": null, "GlobalID": "{3CA84986-30EC-444F-B1D7-C2FE1E39FD89}", "WHAT3WORD_": "fridge.pounds.overheard" }, "geometry": { "type": "Point", "coordinates": [ -13489442.3085, 4537282.672499999403954 ] } },
{ "type": "Feature", "properties": { "FID": 2402, "Campground": "Caswell Memorial Group Tent Campground", "GISID": "GIS0006767", "TYPE": "Developed Group Camp Area", "SUBTYPE": null, "UNITNBR": "316", "DETAIL": "tent camping for up to 50 people", "UNITNAME": "Caswell Memorial SP", "SHARE": null, "GlobalID": "{B4BD3B74-143E-48F6-97E2-ECE36033EA6D}", "WHAT3WORD_": "heaven.departures.forever" }, "geometry": { "type": "Point", "coordinates": [ -13489779.8292, 4537131.00450000166893 ] } },
{ "type": "Feature", "properties": { "FID": 2403, "Campground": "Camp Lisa", "GISID": "GIS0006769", "TYPE": "Developed Group Camp Area", "SUBTYPE": null, "UNITNBR": "321", "DETAIL": "Disabled Access", "UNITNAME": "Plumas-Eureka SP", "SHARE": null, "GlobalID": "{74132D90-D90C-4881-BFF8-2874D4EF087F}", "WHAT3WORD_": "armpit.houseboat.moons" }, "geometry": { "type": "Point", "coordinates": [ -13436622.1007, 4828818.748599998652935 ] } },
{ "type": "Feature", "properties": { "FID": 2404, "Campground": "La Jolla Valley Hike In Camp", "GISID": "GIS0006770", "TYPE": "Hike/Bike Camp Area", "SUBTYPE": null, "UNITNBR": "573", "DETAIL": "11 sites, 1 group camp", "UNITNAME": "Point Mugu SP", "SHARE": null, "GlobalID": "{E68A75A8-FD05-4811-BD95-F787051A6B8A}", "WHAT3WORD_": "collarbone.sweepers.hives" }, "geometry": { "type": "Point", "coordinates": [ -13251050.7284, 4043274.167700000107288 ] } },
{ "type": "Feature", "properties": { "FID": 2405, "Campground": "Danielson", "GISID": "GIS0006771", "TYPE": "Primitive Family Camp Area", "SUBTYPE": null, "UNITNBR": "573", "DETAIL": "DANIELSON MULTI USE AREA", "UNITNAME": "Point Mugu SP", "SHARE": null, "GlobalID": "{6C96CFBB-0757-44C9-B3FA-49EFA5E517BA}", "WHAT3WORD_": "tinkling.curry.mouths" }, "geometry": { "type": "Point", "coordinates": [ -13246230.5945, 4045622.3800999969244 ] } },
{ "type": "Feature", "properties": { "FID": 2406, "Campground": "El Capitan SB Campground RV Sites", "GISID": "GIS0006772", "TYPE": "Developed Family Camp Area", "SUBTYPE": null, "UNITNBR": "519", "DETAIL": "RV sites 124-132", "UNITNAME": "El Capitán SB", "SHARE": null, "GlobalID": "{73A0D2BE-8DD3-4BF5-8678-131268D738F4}", "WHAT3WORD_": "ventures.royalty.pinhole" }, "geometry": { "type": "Point", "coordinates": [ -13361854.0308, 4091110.886200003325939 ] } },
{ "type": "Feature", "properties": { "FID": 2407, "Campground": "El Capitan SB Campground Loop 2", "GISID": "GIS0006773", "TYPE": "Developed Family Camp Area", "SUBTYPE": null, "UNITNBR": "519", "DETAIL": "Sites 29-60", "UNITNAME": "El Capitán SB", "SHARE": null, "GlobalID": "{113ABB1F-28B0-4515-8ABE-9B942F90DEC9}", "WHAT3WORD_": "evaporated.laminated.clinched" }, "geometry": { "type": "Point", "coordinates": [ -13361267.8223, 4090841.533500000834465 ] } },
{ "type": "Feature", "properties": { "FID": 2408, "Campground": "El Capitan SB Campground Loop 3", "GISID": "GIS0006774", "TYPE": "Developed Family Camp Area", "SUBTYPE": null, "UNITNBR": "519", "DETAIL": "Sites 61-91", "UNITNAME": "El Capitán SB", "SHARE": null, "GlobalID": "{7BC5FBE1-7CC8-4198-AE6F-2F2182F485FE}", "WHAT3WORD_": "solicited.giving.signifies" }, "geometry": { "type": "Point", "coordinates": [ -13361428.1224, 4091012.595299996435642 ] } },
{ "type": "Feature", "properties": { "FID": 2409, "Campground": "El Capitan SB Campground Loop 4", "GISID": "GIS0006775", "TYPE": "Developed Family Camp Area", "SUBTYPE": null, "UNITNBR": "519", "DETAIL": "Sites 92-123", "UNITNAME": "El Capitán SB", "SHARE": null, "GlobalID": "{C6170179-AED9-4D89-A7E1-4ECE10C2E599}", "WHAT3WORD_": "hitch.brambles.stunningly" }, "geometry": { "type": "Point", "coordinates": [ -13361650.2048, 4091052.694700002670288 ] } },
{ "type": "Feature", "properties": { "FID": 2410, "Campground": "Rocky Point Campground", "GISID": "GIS0006777", "TYPE": "Developed Family Camp Area", "SUBTYPE": null, "UNITNBR": "378", "DETAIL": null, "UNITNAME": "Millerton Lake SRA", "SHARE": null, "GlobalID": "{C1A6FACA-CD3F-4A2A-AD3E-153603826240}", "WHAT3WORD_": "devour.indefinite.logistical" }, "geometry": { "type": "Point", "coordinates": [ -13323162.4927, 4441757.42509999871254 ] } },
{ "type": "Feature", "properties": { "FID": 2411, "Campground": "Mono Campground", "GISID": "GIS0006778", "TYPE": "Developed Family Camp Area", "SUBTYPE": null, "UNITNBR": "378", "DETAIL": "Mono Campsites", "UNITNAME": "Millerton Lake SRA", "SHARE": null, "GlobalID": "{CA0C8895-F79B-457C-B592-BAFE206C71D3}", "WHAT3WORD_": "herds.comforting.refrained" }, "geometry": { "type": "Point", "coordinates": [ -13323162.4927, 4442091.9037000015378 ] } },
{ "type": "Feature", "properties": { "FID": 2412, "Campground": "Fort Miller", "GISID": "GIS0006779", "TYPE": "Developed Family Camp Area", "SUBTYPE": null, "UNITNBR": "378", "DETAIL": "Fort Miller", "UNITNAME": "Millerton Lake SRA", "SHARE": null, "GlobalID": "{775A2589-CE22-463C-9BF2-BC2BD94C6ADA}", "WHAT3WORD_": "cunning.spuds.issuing" }, "geometry": { "type": "Point", "coordinates": [ -13322827.9776, 4442283.477300003170967 ] } },
{ "type": "Feature", "properties": { "FID": 2413, "Campground": "Dumna Strand", "GISID": "GIS0006780", "TYPE": "Developed Family Camp Area", "SUBTYPE": null, "UNITNBR": "378", "DETAIL": "Dumna Strand", "UNITNAME": "Millerton Lake SRA", "SHARE": null, "GlobalID": "{2441C4F0-FE2F-4244-A7CD-B92E641AC9EA}", "WHAT3WORD_": "thighs.overpriced.doted" }, "geometry": { "type": "Point", "coordinates": [ -13322797.9214, 4442591.619699999690056 ] } },
{ "type": "Feature", "properties": { "FID": 2414, "Campground": "Valley Oak", "GISID": "GIS0006781", "TYPE": "Developed Family Camp Area", "SUBTYPE": null, "UNITNBR": "378", "DETAIL": "Valley Oak", "UNITNAME": "Millerton Lake SRA", "SHARE": null, "GlobalID": "{B2075EC8-3199-4618-8D08-56EFB0AA4C2C}", "WHAT3WORD_": "dial.silly.factors" }, "geometry": { "type": "Point", "coordinates": [ -13321159.0758, 4442189.642099998891354 ] } },
{ "type": "Feature", "properties": { "FID": 2415, "Campground": "Meadows", "GISID": "GIS0006782", "TYPE": "Developed Family Camp Area", "SUBTYPE": null, "UNITNBR": "378", "DETAIL": "Meadows", "UNITNAME": "Millerton Lake SRA", "SHARE": null, "GlobalID": "{EA3A9742-EB86-48FD-80CC-FD35F0818756}", "WHAT3WORD_": "cones.spices.cafeteria" }, "geometry": { "type": "Point", "coordinates": [ -13321380.8242, 4441809.987300001084805 ] } },
{ "type": "Feature", "properties": { "FID": 2416, "Campground": "Temperance Flat Boat-In", "GISID": "GIS0006783", "TYPE": "Primitive Family Camp Area", "SUBTYPE": null, "UNITNBR": "378", "DETAIL": "Boat-in campground", "UNITNAME": "Millerton Lake SRA", "SHARE": null, "GlobalID": "{1A3F503A-4C3F-4E27-AA0D-D24EA705AF1D}", "WHAT3WORD_": "cocoons.litmus.culprit" }, "geometry": { "type": "Point", "coordinates": [ -13312360.1606, 4448542.059000000357628 ] } },
{ "type": "Feature", "properties": { "FID": 2417, "Campground": "San Luis Creek Campground", "GISID": "GIS0006784", "TYPE": "Developed Family Camp Area", "SUBTYPE": null, "UNITNBR": "333", "DETAIL": null, "UNITNAME": "San Luis Reservoir SRA", "SHARE": null, "GlobalID": "{D8726B68-F357-42D0-B9DF-832546EE4884}", "WHAT3WORD_": "confirm.underlines.evacuation" }, "geometry": { "type": "Point", "coordinates": [ -13476952.818300001323223, 4454228.674699999392033 ] } },
{ "type": "Feature", "properties": { "FID": 2418, "Campground": "San Luis Creek Group Camp", "GISID": "GIS0006785", "TYPE": "Developed Group Camp Area", "SUBTYPE": null, "UNITNBR": "333", "DETAIL": null, "UNITNAME": "San Luis Reservoir SRA", "SHARE": null, "GlobalID": "{B991C294-477D-4E77-A72D-48E4A2563E25}", "WHAT3WORD_": "fingernail.litigate.immense" }, "geometry": { "type": "Point", "coordinates": [ -13476610.1769, 4452280.228399999439716 ] } },
{ "type": "Feature", "properties": { "FID": 2419, "Campground": "Los Banos Creek Campground", "GISID": "GIS0006786", "TYPE": "Primitive Family Camp Area", "SUBTYPE": null, "UNITNBR": "333", "DETAIL": "Los Banos Creek Campground", "UNITNAME": "San Luis Reservoir SRA", "SHARE": null, "GlobalID": "{2329F3A1-9CA8-4FF6-9EFB-69C010865EC3}", "WHAT3WORD_": "numbed.boom.scholar" }, "geometry": { "type": "Point", "coordinates": [ -13462945.0415, 4437181.608000002801418 ] } },
{ "type": "Feature", "properties": { "FID": 2420, "Campground": "Medeiros Campground", "GISID": "GIS0006787", "TYPE": "Undefined", "SUBTYPE": null, "UNITNBR": "333", "DETAIL": "Medeiros Campground", "UNITNAME": "San Luis Reservoir SRA", "SHARE": null, "GlobalID": "{796492A1-EC9C-48A7-8840-BC842D6378BA}", "WHAT3WORD_": "kebab.chromatic.matches" }, "geometry": { "type": "Point", "coordinates": [ -13473903.5548, 4448681.152699999511242 ] } },
{ "type": "Feature", "properties": { "FID": 2421, "Campground": "San Luis Creek Group Camp", "GISID": "GIS0006789", "TYPE": "Developed Group Camp Area", "SUBTYPE": null, "UNITNBR": "333", "DETAIL": null, "UNITNAME": "San Luis Reservoir SRA", "SHARE": null, "GlobalID": "{5DB41277-EEF3-48FF-BE9D-50D344FE5A00}", "WHAT3WORD_": "heavy.doctors.redden" }, "geometry": { "type": "Point", "coordinates": [ -13476437.0751, 4451215.852799996733665 ] } },
{ "type": "Feature", "properties": { "FID": 2422, "Campground": "Devil's Gulch Group Camp", "GISID": "GIS0006791", "TYPE": "Developed Group Camp Area", "SUBTYPE": null, "UNITNBR": "233", "DETAIL": null, "UNITNAME": "Samuel P. Taylor SP", "SHARE": null, "GlobalID": "{6CB65920-35A3-4DD8-9D80-CCB2A3D91A36}", "WHAT3WORD_": "club.stalemate.dozing" }, "geometry": { "type": "Point", "coordinates": [ -13662487.566399998962879, 4584020.393299996852875 ] } },
{ "type": "Feature", "properties": { "FID": 2423, "Campground": "Baxter  Camp", "GISID": "GIS0006794", "TYPE": "Environmental Camp Area", "SUBTYPE": null, "UNITNBR": "119", "DETAIL": "BAXTER CAMP   -   ENVIR. CAMP", "UNITNAME": "Humboldt Redwoods SP", "SHARE": null, "GlobalID": "{F632B679-5A5E-4B74-8A1C-4E2388A0B3D6}", "WHAT3WORD_": "trademarks.galloped.pacifist" }, "geometry": { "type": "Point", "coordinates": [ -13806312.014600001275539, 4915934.944700002670288 ] } },
{ "type": "Feature", "properties": { "FID": 2424, "Campground": "Saddle Rock Environmental Camp", "GISID": "GIS0006793", "TYPE": "Environmental Camp Area", "SUBTYPE": null, "UNITNBR": "462", "DETAIL": "SOUTH GARDENS   -   CAMPSITES ENVIROM", "UNITNAME": "Julia Pfeiffer Burns SP", "SHARE": null, "GlobalID": "{5754AB10-2B00-442F-9BE7-C42329F05187}", "WHAT3WORD_": "attaching.feel.crackers" }, "geometry": { "type": "Point", "coordinates": [ -13544423.339, 4322179.710699997842312 ] } },
{ "type": "Feature", "properties": { "FID": 2425, "Campground": "NORTH OF RIVER   -   GRD WALKING CAMP", "GISID": "GIS0006792", "TYPE": "Primitive Family Camp Area", "SUBTYPE": null, "UNITNBR": "491", "DETAIL": "NORTH OF RIVER   -   GRD WALKING CAMP", "UNITNAME": "Andrew Molera SP", "SHARE": null, "GlobalID": "{2F31FB0C-77AF-4430-8A53-2DF3CB5378DE}", "WHAT3WORD_": "immediate.underlay.resembles" }, "geometry": { "type": "Point", "coordinates": [ -13564455.281399998813868, 4340149.528099998831749 ] } },
{ "type": "Feature", "properties": { "FID": 2426, "Campground": "Bouchard", "GISID": "GIS0006799", "TYPE": "Developed Group Camp Area", "SUBTYPE": null, "UNITNBR": "527", "DETAIL": "EAST   -   GROUP CAMP", "UNITNAME": "Refugio SB", "SHARE": null, "GlobalID": "{8B1FA77D-47B5-4540-A8D1-9905AD41EC07}", "WHAT3WORD_": "necessary.sublet.deeper" }, "geometry": { "type": "Point", "coordinates": [ -13365829.695, 4091187.305200003087521 ] } },
{ "type": "Feature", "properties": { "FID": 2427, "Campground": "BACK OF SITE 49   -   BIKE CAMP SITES", "GISID": "GIS0006800", "TYPE": "Developed Family Camp Area", "SUBTYPE": null, "UNITNBR": "573", "DETAIL": "BACK OF SITE 49   -   BIKE CAMP SITES", "UNITNAME": "Point Mugu SP", "SHARE": null, "GlobalID": "{14C0B253-5F1D-4423-A7A2-05C88BE61B37}", "WHAT3WORD_": "healthy.sweepers.squealed" }, "geometry": { "type": "Point", "coordinates": [ -13248717.138, 4038636.984899997711182 ] } },
{ "type": "Feature", "properties": { "FID": 2428, "Campground": "Russian Gulch Group CG", "GISID": "GIS0006801", "TYPE": "Developed Group Camp Area", "SUBTYPE": null, "UNITNBR": "141", "DETAIL": null, "UNITNAME": "Russian Gulch SP", "SHARE": null, "GlobalID": "{16DB3256-1CFF-4CD1-B9BB-2DCE63CC6633}", "WHAT3WORD_": "shrill.resolved.casino" }, "geometry": { "type": "Point", "coordinates": [ -13781633.374, 4769006.172499999403954 ] } },
{ "type": "Feature", "properties": { "FID": 2429, "Campground": "Moro Campground", "GISID": "GIS0006802", "TYPE": "Developed Family Camp Area", "SUBTYPE": null, "UNITNBR": "594", "DETAIL": " 60 SITES (30 W/HOOKUPS)", "UNITNAME": "Crystal Cove SP", "SHARE": null, "GlobalID": "{A685A7A6-EAEB-49BF-91F2-63404854BBE5}", "WHAT3WORD_": "backer.hastened.stored" }, "geometry": { "type": "Point", "coordinates": [ -13115916.8816, 3970320.082500003278255 ] } },
{ "type": "Feature", "properties": { "FID": 2430, "Campground": "Humboldt Lagoons Boat-in campsite", "GISID": "GIS0006803", "TYPE": "Undefined", "SUBTYPE": null, "UNITNBR": "105", "DETAIL": null, "UNITNAME": "Humboldt Lagoons SP", "SHARE": null, "GlobalID": "{3DDF048F-77F7-4123-863C-3ACB1AFC11AB}", "WHAT3WORD_": "bottleneck.nipping.submitted" }, "geometry": { "type": "Point", "coordinates": [ -13814364.4212, 5047461.392800003290176 ] } },
{ "type": "Feature", "properties": { "FID": 2431, "Campground": "Morro Bay SP Group Camp (N)", "GISID": "GIS0006804", "TYPE": "Undefined", "SUBTYPE": null, "UNITNBR": "443", "DETAIL": "N of 2 group camps", "UNITNAME": "Morro Bay SP", "SHARE": null, "GlobalID": "{336D7D62-7BD0-4035-97A7-4D3E92FD9A83}", "WHAT3WORD_": "brick.beanstalk.glug" }, "geometry": { "type": "Point", "coordinates": [ -13451361.0239, 4211503.246200002729893 ] } },
{ "type": "Feature", "properties": { "FID": 2432, "Campground": "Russian Gulch SP Campground", "GISID": "GIS0006805", "TYPE": "Developed Family Camp Area", "SUBTYPE": null, "UNITNBR": "141", "DETAIL": null, "UNITNAME": "Russian Gulch SP", "SHARE": null, "GlobalID": "{FECED517-4B7F-49F9-B914-19793516F2FA}", "WHAT3WORD_": "covered.pockets.corals" }, "geometry": { "type": "Point", "coordinates": [ -13776669.971900001168251, 4769735.413000002503395 ] } },
{ "type": "Feature", "properties": { "FID": 2433, "Campground": "Proposed Upper Gould Trail Camp", "GISID": "GIS0006807", "TYPE": "Undefined", "SUBTYPE": null, "UNITNBR": "119", "DETAIL": "Proposed", "UNITNAME": "Humboldt Redwoods SP", "SHARE": null, "GlobalID": "{22980B09-65EF-4A72-A4B8-8EC51E68E3FE}", "WHAT3WORD_": "graduating.another.pushes" }, "geometry": { "type": "Point", "coordinates": [ -13803229.3552, 4908207.050499998033047 ] } },
{ "type": "Feature", "properties": { "FID": 2434, "Campground": "Proposed Fox Camp", "GISID": "GIS0006808", "TYPE": null, "SUBTYPE": null, "UNITNBR": "119", "DETAIL": "Proposed", "UNITNAME": "Humboldt Redwoods SP", "SHARE": null, "GlobalID": "{E0878837-9497-4AE9-B6A3-AB9718CE4643}", "WHAT3WORD_": "lipstick.dotted.taped" }, "geometry": { "type": "Point", "coordinates": [ -13811225.9908, 4914435.377400003373623 ] } },
{ "type": "Feature", "properties": { "FID": 2435, "Campground": "Hamilton Barn Environmental Camp", "GISID": "GIS0006806", "TYPE": "Environmental Camp Area", "SUBTYPE": null, "UNITNBR": "119", "DETAIL": "HAMILTON BARN   -   ENVIR. CAMP", "UNITNAME": "Humboldt Redwoods SP", "SHARE": null, "GlobalID": "{9B15CB02-D3F1-4A47-B6A4-ED2092A6E744}", "WHAT3WORD_": "candlelit.inflame.diagnosing" }, "geometry": { "type": "Point", "coordinates": [ -13805937.9811, 4917072.624099999666214 ] } },
{ "type": "Feature", "properties": { "FID": 2436, "Campground": "Proposed Grasshopper Trail Camp", "GISID": "GIS0006809", "TYPE": "Undefined", "SUBTYPE": null, "UNITNBR": "119", "DETAIL": "Proposed", "UNITNAME": "Humboldt Redwoods SP", "SHARE": null, "GlobalID": "{0F22EC81-2C0E-4CC5-AE92-9AECB7EA5324}", "WHAT3WORD_": "worldwide.consecutive.resorting" }, "geometry": { "type": "Point", "coordinates": [ -13801850.886, 4909489.357799999415874 ] } },
{ "type": "Feature", "properties": { "FID": 2437, "Campground": "North Shore Horse Camp Area", "GISID": "GIS0006810", "TYPE": "Horse Camp Area", "SUBTYPE": null, "UNITNBR": "378", "DETAIL": null, "UNITNAME": "Millerton Lake SRA", "SHARE": null, "GlobalID": "{6FCB9578-AA76-42B6-A728-29FC6878DEDC}", "WHAT3WORD_": "uncanny.mini.parcels" }, "geometry": { "type": "Point", "coordinates": [ -13321377.1507, 4442238.4419 ] } },
{ "type": "Feature", "properties": { "FID": 2438, "Campground": "Horse Camp", "GISID": "GIS0006811", "TYPE": "Horse Camp Area", "SUBTYPE": null, "UNITNBR": "441", "DETAIL": "3 separate areas", "UNITNAME": "Montaña de Oro SP", "SHARE": null, "GlobalID": "{7BA9286E-DA7E-47FF-A8AF-C7AB6F4F528A}", "WHAT3WORD_": "fantastic.fork.laying" }, "geometry": { "type": "Point", "coordinates": [ -13454207.7973, 4204185.7466000020504 ] } },
{ "type": "Feature", "properties": { "FID": 2439, "Campground": "Little Basin Campground 18-21", "GISID": "GIS0006817", "TYPE": "Developed Family Camp Area", "SUBTYPE": null, "UNITNBR": "406", "DETAIL": null, "UNITNAME": "Big Basin Redwoods SP", "SHARE": null, "GlobalID": "{41CA8134-25E3-43EF-8A99-F9674345827B}", "WHAT3WORD_": "allegation.factor.charm" }, "geometry": { "type": "Point", "coordinates": [ -13604054.6299, 4461123.000600002706051 ] } },
{ "type": "Feature", "properties": { "FID": 2440, "Campground": "Little Basin Campground 9-15", "GISID": "GIS0006820", "TYPE": "Developed Family Camp Area", "SUBTYPE": null, "UNITNBR": "406", "DETAIL": null, "UNITNAME": "Big Basin Redwoods SP", "SHARE": null, "GlobalID": "{0736C7CC-F8F3-4123-862F-76ADA9720096}", "WHAT3WORD_": "notably.motherhood.latter" }, "geometry": { "type": "Point", "coordinates": [ -13603952.9952, 4461070.342299997806549 ] } },
{ "type": "Feature", "properties": { "FID": 2441, "Campground": "Little Basin Campground 1-8", "GISID": "GIS0006818", "TYPE": "Developed Family Camp Area", "SUBTYPE": null, "UNITNBR": "406", "DETAIL": null, "UNITNAME": "Big Basin Redwoods SP", "SHARE": null, "GlobalID": "{F6A59DF0-76AD-4C03-95DF-C61E43A03BDF}", "WHAT3WORD_": "creeps.consecutive.rice" }, "geometry": { "type": "Point", "coordinates": [ -13603843.7907, 4461107.915500000119209 ] } },
{ "type": "Feature", "properties": { "FID": 2442, "Campground": "Little Basin Campground 47-50", "GISID": "GIS0006821", "TYPE": "Developed Family Camp Area", "SUBTYPE": null, "UNITNBR": "406", "DETAIL": null, "UNITNAME": "Big Basin Redwoods SP", "SHARE": null, "GlobalID": "{71DD0429-1490-41D5-A5BA-FEDF4C79057C}", "WHAT3WORD_": "pressuring.cinema.thinker" }, "geometry": { "type": "Point", "coordinates": [ -13603930.397300001233816, 4461288.659400001168251 ] } },
{ "type": "Feature", "properties": { "FID": 2443, "Campground": "Little Basin Campground 44-45", "GISID": "GIS0006816", "TYPE": "Developed Family Camp Area", "SUBTYPE": null, "UNITNBR": "406", "DETAIL": null, "UNITNAME": "Big Basin Redwoods SP", "SHARE": null, "GlobalID": "{0E434283-58D8-46AB-8100-BE49C95D9094}", "WHAT3WORD_": "marginal.hazards.breathe" }, "geometry": { "type": "Point", "coordinates": [ -13603851.3605, 4461318.830300003290176 ] } },
{ "type": "Feature", "properties": { "FID": 2444, "Campground": "Little Basin Campground 38-44", "GISID": "GIS0006822", "TYPE": "Developed Family Camp Area", "SUBTYPE": null, "UNITNBR": "406", "DETAIL": null, "UNITNAME": "Big Basin Redwoods SP", "SHARE": null, "GlobalID": "{5F1A799B-FB00-462D-9AAB-5BF1038AA50E}", "WHAT3WORD_": "eventful.ineligible.group" }, "geometry": { "type": "Point", "coordinates": [ -13603794.8102, 4461213.372299998998642 ] } },
{ "type": "Feature", "properties": { "FID": 2445, "Campground": "Little Basin Campground 23-27", "GISID": "GIS0006819", "TYPE": "Developed Family Camp Area", "SUBTYPE": null, "UNITNBR": "406", "DETAIL": null, "UNITNAME": "Big Basin Redwoods SP", "SHARE": null, "GlobalID": "{A6A55ED5-608C-463E-BA82-39481780E52E}", "WHAT3WORD_": "migrations.stretches.poppy" }, "geometry": { "type": "Point", "coordinates": [ -13604103.4991, 4461375.261200003325939 ] } },
{ "type": "Feature", "properties": { "FID": 2446, "Campground": "Pfeiffer Big Sur Hike/Bike Campground", "GISID": "GIS0006815", "TYPE": "Hike/Bike Camp Area", "SUBTYPE": null, "UNITNBR": "448", "DETAIL": "Hike/Bike Campground", "UNITNAME": "Pfeiffer Big Sur SP", "SHARE": null, "GlobalID": "{D4325A1E-F215-47BA-92C1-CD558B4D5EB1}", "WHAT3WORD_": "persevere.hammocks.obvious" }, "geometry": { "type": "Point", "coordinates": [ -13556605.364799998700619, 4334962.271300002932549 ] } },
{ "type": "Feature", "properties": { "FID": 2447, "Campground": null, "GISID": "GIS0006812", "TYPE": "Developed Family Camp Area", "SUBTYPE": null, "UNITNBR": "448", "DETAIL": null, "UNITNAME": "Pfeiffer Big Sur SP", "SHARE": null, "GlobalID": "{A547A956-1209-45C7-9CBE-1938683C0A48}", "WHAT3WORD_": "diligently.dole.siege" }, "geometry": { "type": "Point", "coordinates": [ -13556021.3828, 4334021.045400001108646 ] } },
{ "type": "Feature", "properties": { "FID": 2448, "Campground": null, "GISID": "GIS0006814", "TYPE": "Developed Family Camp Area", "SUBTYPE": null, "UNITNBR": "448", "DETAIL": null, "UNITNAME": "Pfeiffer Big Sur SP", "SHARE": null, "GlobalID": "{1361FF67-A70F-43F7-B343-A6E1D502629C}", "WHAT3WORD_": "holds.fangs.gallery" }, "geometry": { "type": "Point", "coordinates": [ -13555697.776999998837709, 4334047.131999999284744 ] } },
{ "type": "Feature", "properties": { "FID": 2449, "Campground": null, "GISID": "GIS0006813", "TYPE": "Developed Family Camp Area", "SUBTYPE": null, "UNITNBR": "448", "DETAIL": null, "UNITNAME": "Pfeiffer Big Sur SP", "SHARE": null, "GlobalID": "{FD9BD52A-FCEF-4511-8EEC-37684A1D9E09}", "WHAT3WORD_": "clatters.undertook.less" }, "geometry": { "type": "Point", "coordinates": [ -13555664.2699, 4334404.206500001251698 ] } },
{ "type": "Feature", "properties": { "FID": 2450, "Campground": "Montana de Oro Environmental Camp Area 2", "GISID": "GIS0006826", "TYPE": "Environmental Camp Area", "SUBTYPE": null, "UNITNBR": "441", "DETAIL": "Environmental Camp Area 2 - Hazard's Grove", "UNITNAME": "Montaña de Oro SP", "SHARE": null, "GlobalID": "{D6F09548-CC06-478C-8662-B8B5C44E8763}", "WHAT3WORD_": "fencing.jacks.condense" }, "geometry": { "type": "Point", "coordinates": [ -13456065.0516, 4203005.888700000941753 ] } },
{ "type": "Feature", "properties": { "FID": 2451, "Campground": "Montana de Oro Environmental Camp Area 3", "GISID": "GIS0006825", "TYPE": "Environmental Camp Area", "SUBTYPE": null, "UNITNBR": "441", "DETAIL": "Environmental Camp Area 3 - Badger Camp", "UNITNAME": "Montaña de Oro SP", "SHARE": null, "GlobalID": "{C72D4262-C92B-4500-BAB2-132B2CC78127}", "WHAT3WORD_": "busier.homing.export" }, "geometry": { "type": "Point", "coordinates": [ -13457208.0802, 4200260.557800002396107 ] } },
{ "type": "Feature", "properties": { "FID": 2452, "Campground": "Montana de Oro Environmental Camp Area 4", "GISID": "GIS0006827", "TYPE": "Environmental Camp Area", "SUBTYPE": null, "UNITNBR": "441", "DETAIL": "Environmental Camp Area 4 - Rattlesnake Flats", "UNITNAME": "Montaña de Oro SP", "SHARE": null, "GlobalID": "{600D08C1-AB55-4966-B2E9-F35A7E4982CA}", "WHAT3WORD_": "cities.meditating.mortally" }, "geometry": { "type": "Point", "coordinates": [ -13457042.659400001168251, 4199540.418499998748302 ] } },
{ "type": "Feature", "properties": { "FID": 2453, "Campground": "Walk-in Sites", "GISID": "GIS0006824", "TYPE": "Hike/Bike Camp Area", "SUBTYPE": null, "UNITNBR": "405", "DETAIL": "Walk-in Sites", "UNITNAME": "Portola Redwoods SP", "SHARE": null, "GlobalID": "{721511E2-9E24-4FA7-B5F3-BF547232B825}", "WHAT3WORD_": "oils.dividers.steeps" }, "geometry": { "type": "Point", "coordinates": [ -13605438.3311, 4474582.104099996387959 ] } },
{ "type": "Feature", "properties": { "FID": 2454, "Campground": "Hike / Bike Campground", "GISID": "GIS0006823", "TYPE": "Hike/Bike Camp Area", "SUBTYPE": null, "UNITNBR": "405", "DETAIL": "Hike / Bike Campground", "UNITNAME": "Portola Redwoods SP", "SHARE": null, "GlobalID": "{5694407B-7ECF-450D-BB90-B2804AE39AFA}", "WHAT3WORD_": "steeped.sweeter.unforeseen" }, "geometry": { "type": "Point", "coordinates": [ -13605227.1581, 4474529.378600001335144 ] } },
{ "type": "Feature", "properties": { "FID": 2455, "Campground": "Coulter Group Camp", "GISID": "GIS0094792", "TYPE": "Developed Group Camp Area", "SUBTYPE": null, "UNITNBR": "412", "DETAIL": null, "UNITNAME": "Fremont Peak SP", "SHARE": null, "GlobalID": "{9A1C9792-E11B-4B84-BC7E-077B3531BBB2}", "WHAT3WORD_": "sporting.inspected.circuses" }, "geometry": { "type": "Point", "coordinates": [ -13525503.5897, 4405831.804099999368191 ] } },
{ "type": "Feature", "properties": { "FID": 2456, "Campground": "Oak Point Campground", "GISID": "GIS0094793", "TYPE": "Developed Family Camp Area", "SUBTYPE": null, "UNITNBR": "412", "DETAIL": null, "UNITNAME": "Fremont Peak SP", "SHARE": null, "GlobalID": "{8BB12601-0BA1-40A7-B297-1C5AC1FEA966}", "WHAT3WORD_": "solicited.sprinkling.promoters" }, "geometry": { "type": "Point", "coordinates": [ -13525574.7228, 4405921.70610000193119 ] } },
{ "type": "Feature", "properties": { "FID": 2457, "Campground": "Providence Mountains Campground", "GISID": "GIS0094794", "TYPE": "Primitive Family Camp Area", "SUBTYPE": null, "UNITNBR": "538", "DETAIL": null, "UNITNAME": "Providence Mountains SRA", "SHARE": null, "GlobalID": "{2FC192E8-63FF-4071-A1D4-29317B34D42A}", "WHAT3WORD_": "readily.fizzle.altitudes" }, "geometry": { "type": "Point", "coordinates": [ -12858764.8504, 4156194.26070000231266 ] } },
{ "type": "Feature", "properties": { "FID": 2458, "Campground": "Benicia SRA Enroute Camping", "GISID": "GIS0094797", "TYPE": "Enroute Camp Area", "SUBTYPE": null, "UNITNBR": "224", "DETAIL": "Enroute camping rules apply; see Park Home Page", "UNITNAME": "Benicia SRA", "SHARE": null, "GlobalID": "{220BFEE4-F583-44F0-A2D5-3E90C08F3955}", "WHAT3WORD_": "repeat.fabric.suggestions" }, "geometry": { "type": "Point", "coordinates": [ -13602593.450199998915195, 4590531.920800000429153 ] } },
{ "type": "Feature", "properties": { "FID": 2459, "Campground": "Bobcat Campground", "GISID": "GIS0097917", "TYPE": "Developed Family Camp Area", "SUBTYPE": null, "UNITNBR": "665", "DETAIL": "Sites 354 - 390", "UNITNAME": "Lake Perris SRA", "SHARE": null, "GlobalID": "{A2EA0950-C9F7-4E48-95A9-061D567289DB}", "WHAT3WORD_": "resting.blanket.still" }, "geometry": { "type": "Point", "coordinates": [ -13043835.618900001049042, 4012400.369499996304512 ] } },
{ "type": "Feature", "properties": { "FID": 2460, "Campground": "Coyote Campground", "GISID": "GIS0097918", "TYPE": "Developed Family Camp Area", "SUBTYPE": null, "UNITNBR": "665", "DETAIL": "Lower RV; Sites 89 - 190", "UNITNAME": "Lake Perris SRA", "SHARE": null, "GlobalID": "{E859E68D-26B2-42E0-98B2-028BE1254000}", "WHAT3WORD_": "bundling.reappears.spectator" }, "geometry": { "type": "Point", "coordinates": [ -13044045.3448, 4011666.691200003027916 ] } },
{ "type": "Feature", "properties": { "FID": 2461, "Campground": "Pfeiffer Big Sur Group Camp A", "GISID": "GIS0097919", "TYPE": "Developed Group Camp Area", "SUBTYPE": null, "UNITNBR": "448", "DETAIL": "N group camp of 2 along Buzzards Roost Trail", "UNITNAME": "Pfeiffer Big Sur SP", "SHARE": null, "GlobalID": "{20D5B1F1-F662-4FCF-B778-EE8768039CCC}", "WHAT3WORD_": "exchanging.drastically.untangle" }, "geometry": { "type": "Point", "coordinates": [ -13557568.5011, 4335918.350400000810623 ] } },
{ "type": "Feature", "properties": { "FID": 2462, "Campground": "Pfeiffer Big Sur Group Camp B", "GISID": "GIS0097920", "TYPE": "Developed Group Camp Area", "SUBTYPE": null, "UNITNBR": "448", "DETAIL": "southern of 2 group camps along Buzzard's Roost Tr", "UNITNAME": "Pfeiffer Big Sur SP", "SHARE": null, "GlobalID": "{9DE43B5E-7013-4FCA-8A62-C82640C733E4}", "WHAT3WORD_": "prayers.harmonica.kittens" }, "geometry": { "type": "Point", "coordinates": [ -13557523.8619, 4335661.721900001168251 ] } },
{ "type": "Feature", "properties": { "FID": 2463, "Campground": "Pfeiffer Big Sur Group Camp B", "GISID": "GIS0097921", "TYPE": "Developed Group Camp Area", "SUBTYPE": null, "UNITNBR": "448", "DETAIL": "S of 2 group camps along Buzzard's Roost Tr", "UNITNAME": "Pfeiffer Big Sur SP", "SHARE": null, "GlobalID": "{C2DCD66B-AB00-4CE1-AD8A-E9B90E4B7F95}", "WHAT3WORD_": "prayers.harmonica.kittens" }, "geometry": { "type": "Point", "coordinates": [ -13557523.8619, 4335661.721900001168251 ] } },
{ "type": "Feature", "properties": { "FID": 2464, "Campground": "Group Canoe Camp #2", "GISID": "GIS0097922", "TYPE": "Primitive Group Camp Area", "SUBTYPE": null, "UNITNBR": "658", "DETAIL": "Campground,Picacho Boat in #2", "UNITNAME": "Picacho SRA", "SHARE": null, "GlobalID": "{4AC44BDA-302D-4CDF-92F9-7BE4D838E2DC}", "WHAT3WORD_": "shapeless.sketchbook.feud" }, "geometry": { "type": "Point", "coordinates": [ -12758541.7978, 3898361.209799997508526 ] } },
{ "type": "Feature", "properties": { "FID": 2465, "Campground": "Group Canoe Camp #1", "GISID": "GIS0097923", "TYPE": "Primitive Group Camp Area", "SUBTYPE": null, "UNITNBR": "658", "DETAIL": "Campground,Picacho Boat in #1", "UNITNAME": "Picacho SRA", "SHARE": null, "GlobalID": "{9EC84B4F-3C78-4F96-9A55-3D45E4B5ADAD}", "WHAT3WORD_": "solidly.wakeful.dozen" }, "geometry": { "type": "Point", "coordinates": [ -12758434.374400001019239, 3898328.947300001978874 ] } },
{ "type": "Feature", "properties": { "FID": 2466, "Campground": "Picacho Main Campground", "GISID": "GIS0097925", "TYPE": "Developed Family Camp Area", "SUBTYPE": null, "UNITNBR": "658", "DETAIL": "Campground, Picacho Main camp", "UNITNAME": "Picacho SRA", "SHARE": null, "GlobalID": "{5704AF14-06EC-4078-AC8A-B772C831A334}", "WHAT3WORD_": "associate.continues.traced" }, "geometry": { "type": "Point", "coordinates": [ -12759214.6128, 3898404.093900002539158 ] } },
{ "type": "Feature", "properties": { "FID": 2467, "Campground": "Taylor Lake Camp", "GISID": "GIS0097926", "TYPE": "Primitive Family Camp Area", "SUBTYPE": null, "UNITNBR": "658", "DETAIL": "Taylor Lake Boat-in sites- Campground", "UNITNAME": "Picacho SRA", "SHARE": null, "GlobalID": "{50137461-E52A-4563-B625-7A17D0D5ABE2}", "WHAT3WORD_": "rightly.wily.fond" }, "geometry": { "type": "Point", "coordinates": [ -12761365.528, 3899216.399400003254414 ] } },
{ "type": "Feature", "properties": { "FID": 2468, "Campground": "Carrizo Boat-in Camp", "GISID": "GIS0097927", "TYPE": "Primitive Family Camp Area", "SUBTYPE": null, "UNITNBR": "658", "DETAIL": "Campground, Carrizo", "UNITNAME": "Picacho SRA", "SHARE": null, "GlobalID": "{754D1805-155F-4BFB-A348-D62DFAF5F7A8}", "WHAT3WORD_": "hideaway.animate.unstated" }, "geometry": { "type": "Point", "coordinates": [ -12764976.7322, 3900114.674599997699261 ] } },
{ "type": "Feature", "properties": { "FID": 2469, "Campground": "The Outpost", "GISID": "GIS0097928", "TYPE": "Primitive Family Camp Area", "SUBTYPE": null, "UNITNBR": "658", "DETAIL": "Campground Outpost", "UNITNAME": "Picacho SRA", "SHARE": null, "GlobalID": "{66787C33-7D83-441F-9667-4CA24D6A3262}", "WHAT3WORD_": "gatherings.imitate.quad" }, "geometry": { "type": "Point", "coordinates": [ -12766946.9759, 3904596.193099997937679 ] } },
{ "type": "Feature", "properties": { "FID": 2470, "Campground": "4 S Beach Camp", "GISID": "GIS0097929", "TYPE": "Developed Family Camp Area", "SUBTYPE": null, "UNITNBR": "658", "DETAIL": "Campground- 4-S", "UNITNAME": "Picacho SRA", "SHARE": null, "GlobalID": "{E82F21E8-4440-4E99-9638-DDA31BE97FFB}", "WHAT3WORD_": "fumed.skateboard.dairy" }, "geometry": { "type": "Point", "coordinates": [ -12765592.9969, 3902745.364699997007847 ] } },
{ "type": "Feature", "properties": { "FID": 2471, "Campground": "La Jolla Canyon Group Camp", "GISID": "GIS009975*", "TYPE": "Developed Group Camp Area", "SUBTYPE": null, "UNITNBR": "573", "DETAIL": null, "UNITNAME": "Point Mugu SP", "SHARE": null, "GlobalID": "{8D4143CC-3A79-46F7-A069-DA008EBC91CD}", "WHAT3WORD_": "glider.basing.landlord" }, "geometry": { "type": "Point", "coordinates": [ -13250920.262, 4040317.809199996292591 ] } },
{ "type": "Feature", "properties": { "FID": 2472, "Campground": "Carnegie Campground", "GISID": "GIS0106972", "TYPE": "Developed Family Camp Area", "SUBTYPE": null, "UNITNBR": "272", "DETAIL": null, "UNITNAME": "Carnegie SVRA", "SHARE": null, "GlobalID": "{84F675BE-A4DE-4B3A-806C-CCA4B53F91C0}", "WHAT3WORD_": "guidebook.motherhood.penalty" }, "geometry": { "type": "Point", "coordinates": [ -13529511.2026, 4527492.792300000786781 ] } },
{ "type": "Feature", "properties": { "FID": 2473, "Campground": "San Clemente Campground", "GISID": "GIS0106973", "TYPE": "Developed Family Camp Area", "SUBTYPE": null, "UNITNBR": "611", "DETAIL": "San Clemente Campground", "UNITNAME": "San Clemente SB", "SHARE": null, "GlobalID": "{15CD2CB0-D07E-4EB3-814E-A9ED57725C76}", "WHAT3WORD_": "cakes.stern.manhole" }, "geometry": { "type": "Point", "coordinates": [ -13091292.565000001341105, 3948819.915100000798702 ] } },
{ "type": "Feature", "properties": { "FID": 2474, "Campground": "Group Campground #1", "GISID": "GIS0106974", "TYPE": "Developed Group Camp Area", "SUBTYPE": null, "UNITNBR": "611", "DETAIL": "Group Campground #1", "UNITNAME": "San Clemente SB", "SHARE": null, "GlobalID": "{C246F925-59B1-43B3-87A7-E6AE680F86B5}", "WHAT3WORD_": "breakage.pavilions.visa" }, "geometry": { "type": "Point", "coordinates": [ -13091393.1978, 3948640.3015 ] } },
{ "type": "Feature", "properties": { "FID": 2475, "Campground": "Group Campground #2", "GISID": "GIS0106975", "TYPE": "Developed Group Camp Area", "SUBTYPE": null, "UNITNBR": "611", "DETAIL": "Group Campground #2", "UNITNAME": "San Clemente SB", "SHARE": null, "GlobalID": "{F9715022-73BA-4D55-B8BF-B33DEC4B241B}", "WHAT3WORD_": "untapped.feather.migrations" }, "geometry": { "type": "Point", "coordinates": [ -13091386.0734, 3948945.792999997735023 ] } },
{ "type": "Feature", "properties": { "FID": 2476, "Campground": "Bluffs Group Campground 1", "GISID": "GIS0106976", "TYPE": "Developed Group Camp Area", "SUBTYPE": null, "UNITNBR": "663", "DETAIL": "Bluffs Group Campground 1", "UNITNAME": "San Onofre SB", "SHARE": null, "GlobalID": "{2B7CEDFD-8FC9-4816-9FBB-050265487405}", "WHAT3WORD_": "alphabet.business.banjos" }, "geometry": { "type": "Point", "coordinates": [ -13082237.1697, 3941411.927799999713898 ] } },
{ "type": "Feature", "properties": { "FID": 2477, "Campground": "Bluffs Campground 1-23: RV", "GISID": "GIS0106977", "TYPE": "Developed Family Camp Area", "SUBTYPE": null, "UNITNBR": "663", "DETAIL": null, "UNITNAME": "San Onofre SB", "SHARE": null, "GlobalID": "{6EA6D86F-C313-451F-9361-0666D936A98A}", "WHAT3WORD_": "november.nerves.swimwear" }, "geometry": { "type": "Point", "coordinates": [ -13083300.6048, 3942399.554899998009205 ] } },
{ "type": "Feature", "properties": { "FID": 2478, "Campground": "Bluffs Campground 24-34: RV", "GISID": "GIS0106978", "TYPE": "Developed Family Camp Area", "SUBTYPE": null, "UNITNBR": "663", "DETAIL": null, "UNITNAME": "San Onofre SB", "SHARE": null, "GlobalID": "{B9689B08-8471-4B25-B738-D1468781EBE5}", "WHAT3WORD_": "particularly.imperative.type" }, "geometry": { "type": "Point", "coordinates": [ -13082812.0235, 3941914.726199999451637 ] } },
{ "type": "Feature", "properties": { "FID": 2479, "Campground": "Bluffs Campground 35-45: RV", "GISID": "GIS0106979", "TYPE": "Developed Family Camp Area", "SUBTYPE": null, "UNITNBR": "663", "DETAIL": null, "UNITNAME": "San Onofre SB", "SHARE": null, "GlobalID": "{460C7777-CD22-4C0D-93C8-2D7D67DECD8C}", "WHAT3WORD_": "thread.crept.food" }, "geometry": { "type": "Point", "coordinates": [ -13082596.3977, 3941699.238499999046326 ] } },
{ "type": "Feature", "properties": { "FID": 2480, "Campground": "Bluffs Campground 46-66", "GISID": "GIS0106980", "TYPE": "Developed Family Camp Area", "SUBTYPE": null, "UNITNBR": "663", "DETAIL": null, "UNITNAME": "San Onofre SB", "SHARE": null, "GlobalID": "{6B53B67D-FC76-4C4D-86EB-AD53CA63D633}", "WHAT3WORD_": "clambered.defender.straws" }, "geometry": { "type": "Point", "coordinates": [ -13082362.9607, 3941530.395999997854233 ] } },
{ "type": "Feature", "properties": { "FID": 2481, "Campground": "Bluffs Campground 67-93", "GISID": "GIS0106981", "TYPE": "Developed Family Camp Area", "SUBTYPE": null, "UNITNBR": "663", "DETAIL": null, "UNITNAME": "San Onofre SB", "SHARE": null, "GlobalID": "{12A3FDB0-B055-4CB1-BF17-D99DFB59AEF1}", "WHAT3WORD_": "wily.barks.gravest" }, "geometry": { "type": "Point", "coordinates": [ -13082039.5776, 3941329.307300001382828 ] } },
{ "type": "Feature", "properties": { "FID": 2482, "Campground": "Bluffs Campground 105-119: RV", "GISID": "GIS0106982", "TYPE": "Developed Family Camp Area", "SUBTYPE": null, "UNITNBR": "663", "DETAIL": null, "UNITNAME": "San Onofre SB", "SHARE": null, "GlobalID": "{270ECB15-6E1F-49F3-BB39-4267D0747428}", "WHAT3WORD_": "bulbs.smear.bibs" }, "geometry": { "type": "Point", "coordinates": [ -13081723.4302, 3941088.645099997520447 ] } },
{ "type": "Feature", "properties": { "FID": 2483, "Campground": "Bluffs Campground 120-124: RV", "GISID": "GIS0106983", "TYPE": "Developed Family Camp Area", "SUBTYPE": null, "UNITNBR": "663", "DETAIL": null, "UNITNAME": "San Onofre SB", "SHARE": null, "GlobalID": "{93050B52-9C52-4BA7-9A5B-3C9980BF17B6}", "WHAT3WORD_": "recreational.songbook.hollow" }, "geometry": { "type": "Point", "coordinates": [ -13081500.6799, 3940894.759800001978874 ] } },
{ "type": "Feature", "properties": { "FID": 2484, "Campground": "Bluffs Campground 125-146: RV", "GISID": "GIS0106984", "TYPE": "Developed Family Camp Area", "SUBTYPE": null, "UNITNBR": "663", "DETAIL": null, "UNITNAME": "San Onofre SB", "SHARE": null, "GlobalID": "{90AFE04F-D171-4815-9ABC-D4536215BEB4}", "WHAT3WORD_": "cheetahs.inhabitants.opportunity" }, "geometry": { "type": "Point", "coordinates": [ -13081055.1793, 3940506.865599997341633 ] } },
{ "type": "Feature", "properties": { "FID": 2485, "Campground": "Bluffs Campground 146-163: RV", "GISID": "GIS0106985", "TYPE": "Developed Family Camp Area", "SUBTYPE": null, "UNITNBR": "663", "DETAIL": null, "UNITNAME": "San Onofre SB", "SHARE": null, "GlobalID": "{3A3553AD-1549-4F80-B8B8-A53D4D8E3B69}", "WHAT3WORD_": "blurs.trails.lawmakers" }, "geometry": { "type": "Point", "coordinates": [ -13080832.429, 3940309.392300002276897 ] } },
{ "type": "Feature", "properties": { "FID": 2486, "Campground": "Bluffs Campground 164-175: RV", "GISID": "GIS0106986", "TYPE": "Developed Family Camp Area", "SUBTYPE": null, "UNITNBR": "663", "DETAIL": null, "UNITNAME": "San Onofre SB", "SHARE": null, "GlobalID": "{D70A248C-695A-473E-821C-8A456690EFC5}", "WHAT3WORD_": "mailing.dicey.combining" }, "geometry": { "type": "Point", "coordinates": [ -13080688.715599998831749, 3940180.010499998927116 ] } },
{ "type": "Feature", "properties": { "FID": 2487, "Campground": "Corvina Beach Campground", "GISID": "GIS0108341", "TYPE": "Primitive Family Camp Area", "SUBTYPE": null, "UNITNBR": "623", "DETAIL": "Campground- Corvina", "UNITNAME": "Salton Sea SRA", "SHARE": null, "GlobalID": "{633B7ED6-C287-4E06-9329-A3BF12C36BCB}", "WHAT3WORD_": "starting.rotations.superstores" }, "geometry": { "type": "Point", "coordinates": [ -12901101.7678, 3959106.412600003182888 ] } },
{ "type": "Feature", "properties": { "FID": 2488, "Campground": "Salt Creek Beach Campground", "GISID": "GIS0108342", "TYPE": "Primitive Family Camp Area", "SUBTYPE": null, "UNITNBR": "623", "DETAIL": "Salt Cr Beach Primitive Campground", "UNITNAME": "Salton Sea SRA", "SHARE": null, "GlobalID": "{72FFB19C-FC44-4FFF-A85D-A72D19D215D2}", "WHAT3WORD_": "tweets.disprove.garlic" }, "geometry": { "type": "Point", "coordinates": [ -12895987.305100001394749, 3954456.425899997353554 ] } },
{ "type": "Feature", "properties": { "FID": 2489, "Campground": "New Mesa Campground", "GISID": "GIS0108343", "TYPE": "Developed Family Camp Area", "SUBTYPE": null, "UNITNBR": "592", "DETAIL": "New Mesa Campground Rv camping", "UNITNAME": "Silverwood Lake SRA", "SHARE": null, "GlobalID": "{B97D27BC-614A-4876-A7E4-7109E266B2C9}", "WHAT3WORD_": "shop.uniforms.welcomed" }, "geometry": { "type": "Point", "coordinates": [ -13063798.7658, 4067214.419200003147125 ] } },
{ "type": "Feature", "properties": { "FID": 2490, "Campground": "North Shore - Large Group Camp", "GISID": "GIS0110836", "TYPE": "Developed Group Camp Area", "SUBTYPE": null, "UNITNBR": "378", "DETAIL": null, "UNITNAME": "Millerton Lake SRA", "SHARE": null, "GlobalID": "{2BF0A09E-221A-432D-8A57-25D363845156}", "WHAT3WORD_": "improbably.overnight.takeovers" }, "geometry": { "type": "Point", "coordinates": [ -13323256.4463, 4442516.465599998831749 ] } },
{ "type": "Feature", "properties": { "FID": 2491, "Campground": "Sycamore Campground", "GISID": "GIS0110837", "TYPE": "Undefined", "SUBTYPE": null, "UNITNBR": "244", "DETAIL": null, "UNITNAME": "Hollister Hills SVRA", "SHARE": null, "GlobalID": "{341B543F-35E6-42DA-B5F4-8A39ED6C820D}", "WHAT3WORD_": "declares.frisbee.cadet" }, "geometry": { "type": "Point", "coordinates": [ -13514323.661899998784065, 4404884.336900003254414 ] } },
{ "type": "Feature", "properties": { "FID": 2492, "Campground": "Obstacle Coursse Campground", "GISID": "GIS0110838", "TYPE": "Undefined", "SUBTYPE": null, "UNITNBR": "244", "DETAIL": null, "UNITNAME": "Hollister Hills SVRA", "SHARE": null, "GlobalID": "{8E1546F0-1A95-4966-976A-2324AB7C9885}", "WHAT3WORD_": "thorn.machinery.cushioned" }, "geometry": { "type": "Point", "coordinates": [ -13514848.1993, 4405453.585199996829033 ] } },
{ "type": "Feature", "properties": { "FID": 2493, "Campground": null, "GISID": "GIS0110839", "TYPE": "Developed Group Camp Area", "SUBTYPE": null, "UNITNBR": "244", "DETAIL": "Area 5 Group Campground", "UNITNAME": "Hollister Hills SVRA", "SHARE": null, "GlobalID": "{5E941A5D-6CA1-4D98-84C3-B370B6828207}", "WHAT3WORD_": "description.string.gushy" }, "geometry": { "type": "Point", "coordinates": [ -13514866.901, 4406183.773800000548363 ] } },
{ "type": "Feature", "properties": { "FID": 2494, "Campground": "Hudner Ranch Campground", "GISID": "GIS0110840", "TYPE": "Undefined", "SUBTYPE": null, "UNITNBR": "244", "DETAIL": null, "UNITNAME": "Hollister Hills SVRA", "SHARE": null, "GlobalID": "{58C9A86D-2B45-4045-83C9-F2E64197518D}", "WHAT3WORD_": "enveloped.lifelong.equip" }, "geometry": { "type": "Point", "coordinates": [ -13513874.0425, 4406812.984899997711182 ] } },
{ "type": "Feature", "properties": { "FID": 2495, "Campground": null, "GISID": "GIS0110841", "TYPE": "Undefined", "SUBTYPE": null, "UNITNBR": "244", "DETAIL": null, "UNITNAME": "Hollister Hills SVRA", "SHARE": null, "GlobalID": "{E454D85F-9F10-415D-B419-E07A12F360EC}", "WHAT3WORD_": "polluting.polluting.standing" }, "geometry": { "type": "Point", "coordinates": [ -13514275.0153, 4407281.165500000119209 ] } },
{ "type": "Feature", "properties": { "FID": 2496, "Campground": null, "GISID": "GIS0110842", "TYPE": "Undefined", "SUBTYPE": null, "UNITNBR": "244", "DETAIL": null, "UNITNAME": "Hollister Hills SVRA", "SHARE": null, "GlobalID": "{3341031F-CD8E-4C0E-A37E-25AD97B802AA}", "WHAT3WORD_": "examiners.rail.siesta" }, "geometry": { "type": "Point", "coordinates": [ -13516219.432799998670816, 4407168.739100001752377 ] } },
{ "type": "Feature", "properties": { "FID": 2497, "Campground": null, "GISID": "GIS0110843", "TYPE": "Undefined", "SUBTYPE": null, "UNITNBR": "244", "DETAIL": null, "UNITNAME": "Hollister Hills SVRA", "SHARE": null, "GlobalID": "{54FF9958-BB16-4F4B-A76B-7CDC6491A9F9}", "WHAT3WORD_": "pensions.little.stay" }, "geometry": { "type": "Point", "coordinates": [ -13516684.080400001257658, 4407281.165500000119209 ] } },
{ "type": "Feature", "properties": { "FID": 2498, "Campground": "Lodge", "GISID": "GIS0110844", "TYPE": "Undefined", "SUBTYPE": null, "UNITNBR": "244", "DETAIL": null, "UNITNAME": "Hollister Hills SVRA", "SHARE": null, "GlobalID": "{DE132272-D556-459E-8A70-3AEEDBB7695B}", "WHAT3WORD_": "deriving.bony.brightest" }, "geometry": { "type": "Point", "coordinates": [ -13517414.6702, 4407592.046499997377396 ] } },
{ "type": "Feature", "properties": { "FID": 2499, "Campground": "Bee", "GISID": "GIS0110845", "TYPE": "Undefined", "SUBTYPE": null, "UNITNBR": "244", "DETAIL": null, "UNITNAME": "Hollister Hills SVRA", "SHARE": null, "GlobalID": "{D0D897D1-D83C-483B-8A9C-6C31125968B3}", "WHAT3WORD_": "jobless.tailgate.benched" }, "geometry": { "type": "Point", "coordinates": [ -13517864.2896, 4407524.644100002944469 ] } },
{ "type": "Feature", "properties": { "FID": 2500, "Campground": "Madrone Campground", "GISID": "GIS0110846", "TYPE": "Undefined", "SUBTYPE": null, "UNITNBR": "244", "DETAIL": null, "UNITNAME": "Hollister Hills SVRA", "SHARE": null, "GlobalID": "{4D6BB035-9ED7-4F2F-9460-4EFD00898C5D}", "WHAT3WORD_": "freelance.ideally.mallards" }, "geometry": { "type": "Point", "coordinates": [ -13518418.772, 4407090.082999996840954 ] } },
{ "type": "Feature", "properties": { "FID": 2501, "Campground": "Edison Canyon Campground", "GISID": "GIS0110847", "TYPE": "Primitive Family Camp Area", "SUBTYPE": null, "UNITNBR": "521", "DETAIL": null, "UNITNAME": "Hungry Valley SVRA", "SHARE": null, "GlobalID": "{48240B2B-1B6F-4995-B843-B72D68AC1CB5}", "WHAT3WORD_": "dangle.cushion.dexterity" }, "geometry": { "type": "Point", "coordinates": [ -13233519.3558, 4132995.423299998044968 ] } },
{ "type": "Feature", "properties": { "FID": 2502, "Campground": "Sterling canyon campground", "GISID": "GIS0110848", "TYPE": "Primitive Family Camp Area", "SUBTYPE": null, "UNITNBR": "521", "DETAIL": "Sterling Canyon Campground", "UNITNAME": "Hungry Valley SVRA", "SHARE": null, "GlobalID": "{163DDD99-3330-4FCA-A40E-26D915BB2033}", "WHAT3WORD_": "astonish.dame.venues" }, "geometry": { "type": "Point", "coordinates": [ -13233490.0788, 4132118.91330000013113 ] } },
{ "type": "Feature", "properties": { "FID": 2503, "Campground": "Honey Valley Group Camp", "GISID": "GIS0110849", "TYPE": "Developed Group Camp Area", "SUBTYPE": null, "UNITNBR": "521", "DETAIL": null, "UNITNAME": "Hungry Valley SVRA", "SHARE": null, "GlobalID": "{77E33C34-FB32-4166-8E93-E0BAC85A5069}", "WHAT3WORD_": "charted.bottleneck.bridged" }, "geometry": { "type": "Point", "coordinates": [ -13233278.1265, 4131804.806599996984005 ] } },
{ "type": "Feature", "properties": { "FID": 2504, "Campground": "Circle Canyon Campground", "GISID": "GIS0110850", "TYPE": "Primitive Family Camp Area", "SUBTYPE": null, "UNITNBR": "521", "DETAIL": null, "UNITNAME": "Hungry Valley SVRA", "SHARE": null, "GlobalID": "{FECA1508-A195-413F-837C-3352A615E831}", "WHAT3WORD_": "webcam.commuting.festive" }, "geometry": { "type": "Point", "coordinates": [ -13232313.0978, 4131366.589699998497963 ] } },
{ "type": "Feature", "properties": { "FID": 2505, "Campground": "Upper Scrub Oaks Campground", "GISID": "GIS0110851", "TYPE": "Primitive Family Camp Area", "SUBTYPE": null, "UNITNBR": "521", "DETAIL": "Upper Scrub Oaks", "UNITNAME": "Hungry Valley SVRA", "SHARE": null, "GlobalID": "{4EA76F6D-B2AB-4913-A1B8-8DF00D657F00}", "WHAT3WORD_": "sifts.distillation.inkjet" }, "geometry": { "type": "Point", "coordinates": [ -13233380.4291, 4130070.196900002658367 ] } },
{ "type": "Feature", "properties": { "FID": 2506, "Campground": "Lower Scrub Oaks Campground", "GISID": "GIS0110852", "TYPE": "Primitive Family Camp Area", "SUBTYPE": null, "UNITNBR": "521", "DETAIL": null, "UNITNAME": "Hungry Valley SVRA", "SHARE": null, "GlobalID": "{9AA6D604-D198-4321-93D0-EBBCC320BEB4}", "WHAT3WORD_": "glittering.comics.exterior" }, "geometry": { "type": "Point", "coordinates": [ -13232971.1073, 4129299.721900001168251 ] } },
{ "type": "Feature", "properties": { "FID": 2507, "Campground": "Cottonwood Campground", "GISID": "GIS0110853", "TYPE": "Primitive Family Camp Area", "SUBTYPE": null, "UNITNBR": "521", "DETAIL": "Cottonwood Campground", "UNITNAME": "Hungry Valley SVRA", "SHARE": null, "GlobalID": "{9259210A-BA7E-4BAF-97D7-0EC7002CB803}", "WHAT3WORD_": "burger.officials.logbooks" }, "geometry": { "type": "Point", "coordinates": [ -13233822.7014, 4131249.653499998152256 ] } },
{ "type": "Feature", "properties": { "FID": 2508, "Campground": "Smith Forks Campground", "GISID": "GIS0110854", "TYPE": "Primitive Family Camp Area", "SUBTYPE": null, "UNITNBR": "521", "DETAIL": null, "UNITNAME": "Hungry Valley SVRA", "SHARE": null, "GlobalID": "{76EE08D1-341A-4BDC-ADF6-3C0A27F4800D}", "WHAT3WORD_": "iterating.finally.alien" }, "geometry": { "type": "Point", "coordinates": [ -13232437.8869, 4127346.472800001502037 ] } },
{ "type": "Feature", "properties": { "FID": 2509, "Campground": "Aliklik Campground", "GISID": "GIS0110855", "TYPE": "Primitive Family Camp Area", "SUBTYPE": null, "UNITNBR": "521", "DETAIL": null, "UNITNAME": "Hungry Valley SVRA", "SHARE": null, "GlobalID": "{70CA27DB-C28C-45C5-8AF1-CAA2044338C2}", "WHAT3WORD_": "timbered.product.senator" }, "geometry": { "type": "Point", "coordinates": [ -13231838.9881, 4126262.369499996304512 ] } },
{ "type": "Feature", "properties": { "FID": 2510, "Campground": "ATV Campground", "GISID": "GIS0110856", "TYPE": "Primitive Family Camp Area", "SUBTYPE": null, "UNITNBR": "521", "DETAIL": null, "UNITNAME": "Hungry Valley SVRA", "SHARE": null, "GlobalID": "{6F0D969B-37D1-49F4-A2CA-20BBA9DEF625}", "WHAT3WORD_": "bedpost.lateral.rowing" }, "geometry": { "type": "Point", "coordinates": [ -13232353.952, 4126777.048100002110004 ] } },
{ "type": "Feature", "properties": { "FID": 2511, "Campground": "Lane Ranch Campground", "GISID": "GIS0110857", "TYPE": "Undefined", "SUBTYPE": null, "UNITNBR": "521", "DETAIL": null, "UNITNAME": "Hungry Valley SVRA", "SHARE": null, "GlobalID": "{CD8AD0F5-4131-4225-8C54-6A6456D9FB1C}", "WHAT3WORD_": "trickles.coffeemaker.bounty" }, "geometry": { "type": "Point", "coordinates": [ -13229910.600499998778105, 4126145.486599996685982 ] } },
{ "type": "Feature", "properties": { "FID": 2512, "Campground": "Paddlewheeler Boat-in Camp", "GISID": "GIS0110858", "TYPE": "Primitive Family Camp Area", "SUBTYPE": null, "UNITNBR": "658", "DETAIL": null, "UNITNAME": "Picacho SRA", "SHARE": null, "GlobalID": "{8CD5F655-011F-41EE-9F2F-669AF57B0A4C}", "WHAT3WORD_": "acknowledge.fizzle.saucy" }, "geometry": { "type": "Point", "coordinates": [ -12763427.0536, 3899907.129100002348423 ] } },
{ "type": "Feature", "properties": { "FID": 2513, "Campground": "Dove Springs Camping - BLM", "GISID": "GIS0110859", "TYPE": "Primitive Family Camp Area", "SUBTYPE": null, "UNITNBR": "331", "DETAIL": "Posts with Camp sites numbered.  Along route SC103", "UNITNAME": "Eastern Kern County, Onyx Ranch SVRA", "SHARE": null, "GlobalID": "{00778D98-A6B3-4C95-9BC1-158BB4E68E74}", "WHAT3WORD_": "dilution.profile.clad" }, "geometry": { "type": "Point", "coordinates": [ -13139227.517, 4222595.380199998617172 ] } },
{ "type": "Feature", "properties": { "FID": 2514, "Campground": "Jawbone Camping - BLM", "GISID": "GIS0110860", "TYPE": "Primitive Family Camp Area", "SUBTYPE": null, "UNITNBR": "331", "DETAIL": "Posts with campsites numbered", "UNITNAME": "Eastern Kern County, Onyx Ranch SVRA", "SHARE": null, "GlobalID": "{1AF5BCEC-392F-4CAC-8671-E170DBAB8289}", "WHAT3WORD_": "detonate.fines.collapsed" }, "geometry": { "type": "Point", "coordinates": [ -13144279.5294, 4207891.710799999535084 ] } },
{ "type": "Feature", "properties": { "FID": 2515, "Campground": "Manchester Environmental Camp", "GISID": "GIS0110861", "TYPE": "Environmental Camp Area", "SUBTYPE": null, "UNITNBR": "147", "DETAIL": null, "UNITNAME": "Manchester SP", "SHARE": null, "GlobalID": "{9D90F9BE-0A6A-44F1-BACD-67AFDAE2C30C}", "WHAT3WORD_": "wobbling.environment.hype" }, "geometry": { "type": "Point", "coordinates": [ -13770119.4878, 4720855.1294 ] } },
{ "type": "Feature", "properties": { "FID": 2516, "Campground": "Candlestick Point Campground", "GISID": "GIS0110862", "TYPE": "Hike/Bike Camp Area", "SUBTYPE": null, "UNITNBR": "214", "DETAIL": null, "UNITNAME": "Candlestick Point SRA", "SHARE": null, "GlobalID": "{F6C1A067-A606-4975-A45B-7153765C820C}", "WHAT3WORD_": "plenty.navy.guilty" }, "geometry": { "type": "Point", "coordinates": [ -13622830.8884, 4538435.449299998581409 ] } },
{ "type": "Feature", "properties": { "FID": 2517, "Campground": "Olympic RV Campground", "GISID": "GIS0110863", "TYPE": "Developed Family Camp Area", "SUBTYPE": null, "UNITNBR": "314", "DETAIL": "Olympic RV Campground RV Only, No Tent Campging", "UNITNAME": "Brannan Island SRA", "SHARE": null, "GlobalID": "{F460C24A-A8BB-4629-9521-5348C7C0166C}", "WHAT3WORD_": "deliver.kinder.receptions" }, "geometry": { "type": "Point", "coordinates": [ -13546489.9853, 4595800.663699999451637 ] } },
{ "type": "Feature", "properties": { "FID": 2518, "Campground": "Walk-in Campsites", "GISID": "GIS0110864", "TYPE": "Developed Family Camp Area", "SUBTYPE": null, "UNITNBR": "314", "DETAIL": "Walk-in Campsites", "UNITNAME": "Brannan Island SRA", "SHARE": null, "GlobalID": "{47994477-BCCF-443F-A9AC-29BF1750A076}", "WHAT3WORD_": "suspends.resisting.owns" }, "geometry": { "type": "Point", "coordinates": [ -13546539.5225, 4595548.955700002610683 ] } },
{ "type": "Feature", "properties": { "FID": 2519, "Campground": "Willow Campground", "GISID": "GIS0110865", "TYPE": "Developed Family Camp Area", "SUBTYPE": null, "UNITNBR": "314", "DETAIL": "Willow Campground", "UNITNAME": "Brannan Island SRA", "SHARE": null, "GlobalID": "{A5AE3C7B-AB84-4C2C-AB98-EAA15D099061}", "WHAT3WORD_": "models.warmed.rephrase" }, "geometry": { "type": "Point", "coordinates": [ -13546818.0439, 4595331.634300000965595 ] } },
{ "type": "Feature", "properties": { "FID": 2520, "Campground": "Cottonwood Campground", "GISID": "GIS0110866", "TYPE": "Developed Family Camp Area", "SUBTYPE": null, "UNITNBR": "314", "DETAIL": "Cottonwood Campground", "UNITNAME": "Brannan Island SRA", "SHARE": null, "GlobalID": "{A378A607-6EEB-4F11-A99C-B8C6CDFA1ADC}", "WHAT3WORD_": "pony.dive.concert" }, "geometry": { "type": "Point", "coordinates": [ -13547062.1675, 4594885.545500002801418 ] } },
{ "type": "Feature", "properties": { "FID": 2521, "Campground": "Surf Camp", "GISID": "GIS0110868", "TYPE": "Undefined", "SUBTYPE": null, "UNITNBR": "654", "DETAIL": null, "UNITNAME": "San Elijo SB", "SHARE": null, "GlobalID": "{19E00E30-5BB1-479A-A437-391AABF63DF6}", "WHAT3WORD_": "baffle.cycled.slurs" }, "geometry": { "type": "Point", "coordinates": [ -13055998.6091, 3898110.679399996995926 ] } },
{ "type": "Feature", "properties": { "FID": 2522, "Campground": "Ventura River Group Camp D", "GISID": "GIS0110869", "TYPE": "Developed Group Camp Area", "SUBTYPE": null, "UNITNBR": "530", "DETAIL": "Ventura River Enroute Camps D", "UNITNAME": "Emma Wood SB", "SHARE": null, "GlobalID": "{74BDEC82-17FE-4CBC-B7E0-EAA468AB9BDA}", "WHAT3WORD_": "barns.lancing.nametag" }, "geometry": { "type": "Point", "coordinates": [ -13282046.4161, 4066593.464699998497963 ] } },
{ "type": "Feature", "properties": { "FID": 2523, "Campground": "Ventura River Group Camp C", "GISID": "GIS0110870", "TYPE": "Developed Group Camp Area", "SUBTYPE": null, "UNITNBR": "530", "DETAIL": "Ventura River Enroute Camps C", "UNITNAME": "Emma Wood SB", "SHARE": null, "GlobalID": "{F39EC3F5-8DBD-4846-81A6-EEB91E3569FB}", "WHAT3WORD_": "chatter.notably.accomplished" }, "geometry": { "type": "Point", "coordinates": [ -13281988.3074, 4066571.774300001561642 ] } },
{ "type": "Feature", "properties": { "FID": 2524, "Campground": "Ventura River Group Camp B", "GISID": "GIS0110871", "TYPE": "Developed Group Camp Area", "SUBTYPE": null, "UNITNBR": "530", "DETAIL": "Ventura River Enroute Camps B", "UNITNAME": "Emma Wood SB", "SHARE": null, "GlobalID": "{606CEE9A-8CF8-42AC-9F3A-2DFA02C8CF30}", "WHAT3WORD_": "refer.fatherhood.tumbling" }, "geometry": { "type": "Point", "coordinates": [ -13281944.781399998813868, 4066542.6743 ] } },
{ "type": "Feature", "properties": { "FID": 2525, "Campground": "Ventura River Group Camp A", "GISID": "GIS0110872", "TYPE": "Developed Group Camp Area", "SUBTYPE": null, "UNITNBR": "530", "DETAIL": "Ventura River Enroute Camps A", "UNITNAME": "Emma Wood SB", "SHARE": null, "GlobalID": "{9CC4CBBF-657E-4E95-B963-746CCF928482}", "WHAT3WORD_": "awestruck.outspoken.coining" }, "geometry": { "type": "Point", "coordinates": [ -13281966.6001, 4066506.4341000020504 ] } },
{ "type": "Feature", "properties": { "FID": 2526, "Campground": "JaShe CG sites #13", "GISID": "GIS0121069", "TYPE": "Environmental Camp Area", "SUBTYPE": null, "UNITNBR": "190", "DETAIL": "site#2", "UNITNAME": "Ahjumawi Lava Springs SP", "SHARE": null, "GlobalID": "{9D95A507-BC46-4905-90D6-ACCD5B4B1032}", "WHAT3WORD_": "hoofs.vocalists.though" }, "geometry": { "type": "Point", "coordinates": [ -13520761.4907, 5028664.1233000010252 ] } },
{ "type": "Feature", "properties": { "FID": 2527, "Campground": "Ja-She CG sites #1-3", "GISID": "GIS0138400", "TYPE": "Environmental Camp Area", "SUBTYPE": null, "UNITNBR": "190", "DETAIL": "site#3", "UNITNAME": "Ahjumawi Lava Springs SP", "SHARE": null, "GlobalID": "{561160B9-7B9F-462B-B0C5-BCB6402539AB}", "WHAT3WORD_": "reply.outs.earthly" }, "geometry": { "type": "Point", "coordinates": [ -13520693.808400001376867, 5028679.932300001382828 ] } },
{ "type": "Feature", "properties": { "FID": 2528, "Campground": "Ja-She CG sites #1-3", "GISID": "GIS0138466", "TYPE": "Environmental Camp Area", "SUBTYPE": null, "UNITNBR": "190", "DETAIL": "site#1", "UNITNAME": "Ahjumawi Lava Springs SP", "SHARE": null, "GlobalID": "{BBFDEF80-0863-4217-82D0-BB887C3375F8}", "WHAT3WORD_": "booked.points.workers" }, "geometry": { "type": "Point", "coordinates": [ -13520765.4982, 5028620.242200002074242 ] } },
{ "type": "Feature", "properties": { "FID": 2529, "Campground": "Crystal Springs", "GISID": "GIS0134037", "TYPE": "Environmental Camp Area", "SUBTYPE": null, "UNITNBR": "190", "DETAIL": "site#4", "UNITNAME": "Ahjumawi Lava Springs SP", "SHARE": null, "GlobalID": "{F667DAA1-7D7A-4258-AAD0-2C21C27D1284}", "WHAT3WORD_": "minimums.fortune.wink" }, "geometry": { "type": "Point", "coordinates": [ -13519713.529, 5028962.726400002837181 ] } },
{ "type": "Feature", "properties": { "FID": 2530, "Campground": "Crystal Springs #4-6", "GISID": "GIS0129363", "TYPE": "Environmental Camp Area", "SUBTYPE": null, "UNITNBR": "190", "DETAIL": "site#5", "UNITNAME": "Ahjumawi Lava Springs SP", "SHARE": null, "GlobalID": "{1BB0CD94-D27F-4E53-BE93-2BC118BD5647}", "WHAT3WORD_": "confessed.plug.engine" }, "geometry": { "type": "Point", "coordinates": [ -13519570.0382, 5028827.386100001633167 ] } },
{ "type": "Feature", "properties": { "FID": 2531, "Campground": "Crystal Springs #4-6", "GISID": "GIS0127500", "TYPE": "Environmental Camp Area", "SUBTYPE": null, "UNITNBR": "190", "DETAIL": "site#6", "UNITNAME": "Ahjumawi Lava Springs SP", "SHARE": null, "GlobalID": "{512F92DB-DDCB-40BF-AB79-D98E30EF44CC}", "WHAT3WORD_": "summit.payout.senator" }, "geometry": { "type": "Point", "coordinates": [ -13519510.2596, 5028891.066699996590614 ] } },
{ "type": "Feature", "properties": { "FID": 2532, "Campground": "Horr Pond sites #7-9\n", "GISID": "GIS0137687", "TYPE": "Environmental Camp Area", "SUBTYPE": null, "UNITNBR": "190", "DETAIL": "site #9", "UNITNAME": "Ahjumawi Lava Springs SP", "SHARE": null, "GlobalID": "{C51FC10D-B3BB-4468-915A-8A662A3DC596}", "WHAT3WORD_": "stating.neglecting.sitcom" }, "geometry": { "type": "Point", "coordinates": [ -13517378.379999998956919, 5028871.120300002396107 ] } },
{ "type": "Feature", "properties": { "FID": 2533, "Campground": "Horr Pond sites #7-9\n", "GISID": "GIS0124928", "TYPE": "Environmental Camp Area", "SUBTYPE": null, "UNITNBR": "190", "DETAIL": "site #8\n", "UNITNAME": "Ahjumawi Lava Springs SP", "SHARE": null, "GlobalID": "{F3626BD8-D210-42AC-9F88-32AAE1B6EF57}", "WHAT3WORD_": "hollow.improvise.innocence" }, "geometry": { "type": "Point", "coordinates": [ -13517513.8558, 5028934.80120000243187 ] } },
{ "type": "Feature", "properties": { "FID": 2534, "Campground": "Horr Pond sites #7-9\n", "GISID": "GIS0129245", "TYPE": "Environmental Camp Area", "SUBTYPE": null, "UNITNBR": "190", "DETAIL": "site #7\n\n", "UNITNAME": "Ahjumawi Lava Springs SP", "SHARE": null, "GlobalID": "{0EB3B5C5-3DFF-4017-AC63-A7B41753F83B}", "WHAT3WORD_": "prefers.waltzes.ascendant" }, "geometry": { "type": "Point", "coordinates": [ -13517573.634399998933077, 5028990.651600003242493 ] } },
{ "type": "Feature", "properties": { "FID": 2535, "Campground": "Env Camp", "GISID": "GIS0006661", "TYPE": "Environmental Camp Area", "SUBTYPE": null, "UNITNBR": "125", "DETAIL": null, "UNITNAME": "McArthur-Burney Falls Memorial SP", "SHARE": null, "GlobalID": "{EB4DD0DD-A97A-49AD-AA3A-B4770DFC1936}", "WHAT3WORD_": "kiosk.devour.dispenses" }, "geometry": { "type": "Point", "coordinates": [ -13541391.1074, 5013250.009900003671646 ] } },
{ "type": "Feature", "properties": { "FID": 2536, "Campground": "Rim Campground", "GISID": "GIS0006662", "TYPE": "Developed Family Camp Area", "SUBTYPE": null, "UNITNBR": "125", "DETAIL": "60 campsites + 2 concession cabins", "UNITNAME": "McArthur-Burney Falls Memorial SP", "SHARE": null, "GlobalID": "{1D1D83F7-6C51-4F68-821F-CE0994A5F983}", "WHAT3WORD_": "dumped.rent.unsettled" }, "geometry": { "type": "Point", "coordinates": [ -13542079.2845, 5014864.384800001978874 ] } },
{ "type": "Feature", "properties": { "FID": 2537, "Campground": "Pioneer Campground", "GISID": "GIS0006663", "TYPE": "Developed Family Camp Area", "SUBTYPE": null, "UNITNBR": "125", "DETAIL": "45 campsites + 21 concession cabins", "UNITNAME": "McArthur-Burney Falls Memorial SP", "SHARE": null, "GlobalID": "{27124176-903F-49C5-8C2B-CBBCA61C0EBC}", "WHAT3WORD_": "obediently.hills.writing" }, "geometry": { "type": "Point", "coordinates": [ -13541784.955699998885393, 5014864.384800001978874 ] } },
{ "type": "Feature", "properties": { "FID": 2538, "Campground": "Pioneer Cemetery Trail Hike and Bike Campground", "GISID": "GIS0006664", "TYPE": "Hike/Bike Camp Area", "SUBTYPE": null, "UNITNBR": "125", "DETAIL": null, "UNITNAME": "McArthur-Burney Falls Memorial SP", "SHARE": null, "GlobalID": "{47E48C29-E1A5-4930-ABD7-CCF608FDDF13}", "WHAT3WORD_": "contrasted.gravy.legroom" }, "geometry": { "type": "Point", "coordinates": [ -13541442.870900001376867, 5014844.467100001871586 ] } },
{ "type": "Feature", "properties": { "FID": 2539, "Campground": "Flume Envirnmental Camp", "GISID": "GIS0110835", "TYPE": "Undefined", "SUBTYPE": null, "UNITNBR": "124", "DETAIL": null, "UNITNAME": "Castle Crags SP", "SHARE": null, "GlobalID": "{A5C9BAE5-39E1-407A-A456-5D3166C59DD8}", "WHAT3WORD_": "cutback.disco.glasses" }, "geometry": { "type": "Point", "coordinates": [ -13618799.6757, 5035009.459299996495247 ] } },
{ "type": "Feature", "properties": { "FID": 2540, "Campground": "Castle Crags Campground Lower Loop", "GISID": "GIS0006495", "TYPE": "Undefined", "SUBTYPE": null, "UNITNBR": "124", "DETAIL": "Site 13 is Accessible", "UNITNAME": "Castle Crags SP", "SHARE": null, "GlobalID": "{79C2AC1D-02AB-47F2-A6E8-549C57D56A03}", "WHAT3WORD_": "celebrities.sizzle.blessing" }, "geometry": { "type": "Point", "coordinates": [ -13615763.2139, 5034686.719800002872944 ] } },
{ "type": "Feature", "properties": { "FID": 2541, "Campground": "Riverside Campground", "GISID": "GIS0006496", "TYPE": "Undefined", "SUBTYPE": null, "UNITNBR": "124", "DETAIL": null, "UNITNAME": "Castle Crags SP", "SHARE": null, "GlobalID": "{34977B63-4AB7-413A-B3E7-514355A08B24}", "WHAT3WORD_": "mondays.fittingly.lettuce" }, "geometry": { "type": "Point", "coordinates": [ -13615285.0967, 5034419.725000001490116 ] } },
{ "type": "Feature", "properties": { "FID": 2542, "Campground": "Upper Loop", "GISID": "GIS0006754", "TYPE": "Undefined", "SUBTYPE": null, "UNITNBR": "124", "DETAIL": null, "UNITNAME": "Castle Crags SP", "SHARE": null, "GlobalID": "{DAE071FF-2816-405B-8A4E-499ECE063CD5}", "WHAT3WORD_": "ancient.bonkers.condiment" }, "geometry": { "type": "Point", "coordinates": [ -13615297.0079, 5035077.17230000346899 ] } },
{ "type": "Feature", "properties": { "FID": 2543, "Campground": "Little Loop / PCT Camp", "GISID": "GIS0006755", "TYPE": "Undefined", "SUBTYPE": null, "UNITNBR": "124", "DETAIL": "Site 25 = PCT Camp.  Also 18 sites along rd", "UNITNAME": "Castle Crags SP", "SHARE": null, "GlobalID": "{BDFE7C18-2195-4127-BE47-F0E498D0407E}", "WHAT3WORD_": "runners.miracles.shoestring" }, "geometry": { "type": "Point", "coordinates": [ -13615687.5166, 5034973.533100001513958 ] } },
{ "type": "Feature", "properties": { "FID": 2544, "Campground": "Lippencott River  E-Camp", "GISID": "GIS0094796", "TYPE": "Environmental Camp Area", "SUBTYPE": null, "UNITNBR": "124", "DETAIL": null, "UNITNAME": "Castle Crags SP", "SHARE": null, "GlobalID": "{53447F3A-B21F-41E3-A805-4FB53AFE2960}", "WHAT3WORD_": "parked.trademarks.handy" }, "geometry": { "type": "Point", "coordinates": [ -13613571.5558, 5034611.026199996471405 ] } },
{ "type": "Feature", "properties": { "FID": 2545, "Campground": "Beals Point Campground", "GISID": "GIS0006438", "TYPE": "Developed Family Camp Area", "SUBTYPE": null, "UNITNBR": "318", "DETAIL": "Beals Point Campground", "UNITNAME": "Folsom Lake SRA", "SHARE": null, "GlobalID": "{21763989-B1DC-42E0-AA40-149EB5B36808}", "WHAT3WORD_": "revision.relaxation.text" }, "geometry": { "type": "Point", "coordinates": [ -13488944.2651, 4681426.098399996757507 ] } },
{ "type": "Feature", "properties": { "FID": 2546, "Campground": "Penninsula Campground", "GISID": "GIS0006439", "TYPE": "Undefined", "SUBTYPE": null, "UNITNBR": "318", "DETAIL": "Penninsula Campground", "UNITNAME": "Folsom Lake SRA", "SHARE": null, "GlobalID": "{30BA8716-E82E-4B6E-9BD1-3123A0037228}", "WHAT3WORD_": "slug.puddles.shirk" }, "geometry": { "type": "Point", "coordinates": [ -13482058.598000001162291, 4687137.998400002717972 ] } },
{ "type": "Feature", "properties": { "FID": 2547, "Campground": "Negro Bar Group Camp A", "GISID": "GIS0006830", "TYPE": "Developed Group Camp Area", "SUBTYPE": null, "UNITNBR": "318", "DETAIL": "Negro Bar Group - Grnds campsites.", "UNITNAME": "Folsom Lake SRA", "SHARE": null, "GlobalID": "{10E51635-44A3-4151-9078-C6E1BAE6AC13}", "WHAT3WORD_": "wool.laws.firms" }, "geometry": { "type": "Point", "coordinates": [ -13490036.532, 4676197.954800002276897 ] } },
{ "type": "Feature", "properties": { "FID": 2548, "Campground": "Negro Bar Group Camp B", "GISID": "GIS0006829", "TYPE": "Developed Group Camp Area", "SUBTYPE": null, "UNITNBR": "318", "DETAIL": "Negro Bar Group - Grnds campsites.", "UNITNAME": "Folsom Lake SRA", "SHARE": null, "GlobalID": "{585B8ABD-646A-44D8-888F-BFA0D3539982}", "WHAT3WORD_": "cheeks.bids.tools" }, "geometry": { "type": "Point", "coordinates": [ -13489986.5495, 4676205.6554000005126 ] } },
{ "type": "Feature", "properties": { "FID": 2549, "Campground": "Negro Bar Group Camp C", "GISID": "GIS0006828", "TYPE": "Developed Group Camp Area", "SUBTYPE": null, "UNITNBR": "318", "DETAIL": "Negro Bar Group - Grnds campsites.", "UNITNAME": "Folsom Lake SRA", "SHARE": null, "GlobalID": "{C3BB475A-D41C-4787-B4FF-2594745E2632}", "WHAT3WORD_": "spine.small.fruit" }, "geometry": { "type": "Point", "coordinates": [ -13489905.8429, 4676201.805100001394749 ] } },
{ "type": "Feature", "properties": { "FID": 2550, "Campground": "Beals Point RV Campground", "GISID": "GIS0006619", "TYPE": "Developed Family Camp Area", "SUBTYPE": null, "UNITNBR": "318", "DETAIL": null, "UNITNAME": "Folsom Lake SRA", "SHARE": null, "GlobalID": "{D924A643-CA4C-4DCE-B639-2C73297646D7}", "WHAT3WORD_": "ritual.tint.boiling" }, "geometry": { "type": "Point", "coordinates": [ -13488882.8168, 4681868.401900000870228 ] } },
{ "type": "Feature", "properties": { "FID": 2551, "Campground": "Lower Lake Clementine Boat-In Camp", "GISID": "GIS0006392", "TYPE": "Primitive Family Camp Area", "SUBTYPE": null, "UNITNBR": "398", "DETAIL": "pit-toilets, picnic tables, fire rings", "UNITNAME": "Auburn SRA", "SHARE": null, "GlobalID": "{C476AE2F-DA45-450A-91C1-3E382BD9B87A}", "WHAT3WORD_": "eradicated.pouted.alcove" }, "geometry": { "type": "Point", "coordinates": [ -13468402.3682, 4714707.561700001358986 ] } },
{ "type": "Feature", "properties": { "FID": 2552, "Campground": "Ruck-A-Chucky", "GISID": "GIS0006393", "TYPE": "Primitive Family Camp Area", "SUBTYPE": null, "UNITNBR": "398", "DETAIL": null, "UNITNAME": "Auburn SRA", "SHARE": null, "GlobalID": "{CA53AF1B-CF28-4C25-98CA-125CDE322C46}", "WHAT3WORD_": "clingy.biology.replaces" }, "geometry": { "type": "Point", "coordinates": [ -13462156.3429, 4716459.211599998176098 ] } },
{ "type": "Feature", "properties": { "FID": 2553, "Campground": "Mineral Bar", "GISID": "GIS0006394", "TYPE": "Primitive Family Camp Area", "SUBTYPE": null, "UNITNBR": "398", "DETAIL": null, "UNITNAME": "Auburn SRA", "SHARE": null, "GlobalID": "{F3A7763C-B4C2-482A-B64B-88B5B78A5C0B}", "WHAT3WORD_": "dipped.slides.consonant" }, "geometry": { "type": "Point", "coordinates": [ -13461192.2048, 4736118.314800001680851 ] } },
{ "type": "Feature", "properties": { "FID": 2554, "Campground": "River Permit Camping", "GISID": "GIS0006550", "TYPE": "Environmental Camp Area", "SUBTYPE": null, "UNITNBR": "398", "DETAIL": "River Permit Camping", "UNITNAME": "Auburn SRA", "SHARE": null, "GlobalID": "{C189CF4A-1798-4FAA-AEAB-FC56C54BEE7D}", "WHAT3WORD_": "empty.forces.fixed" }, "geometry": { "type": "Point", "coordinates": [ -13475917.9923, 4708155.155699998140335 ] } },
{ "type": "Feature", "properties": { "FID": 2555, "Campground": "Mineral Bar", "GISID": "GIS0140238", "TYPE": "Primitive Family Camp Area", "SUBTYPE": null, "UNITNBR": "398", "DETAIL": null, "UNITNAME": "Auburn SRA", "SHARE": null, "GlobalID": "{E035D8BB-E18F-48A0-809D-3E19E58A1AA3}", "WHAT3WORD_": "downs.cloth.partnering" }, "geometry": { "type": "Point", "coordinates": [ -13461227.0478, 4736315.554999999701977 ] } },
{ "type": "Feature", "properties": { "FID": 2556, "Campground": "Canyon Campground", "GISID": "GIS0006450", "TYPE": "Developed Family Camp Area", "SUBTYPE": null, "UNITNBR": "540", "DETAIL": "Canyon Campground", "UNITNAME": "Leo Carrillo SP", "SHARE": null, "GlobalID": "{64499F1D-4CC0-4BE9-9856-C65C4964E670}", "WHAT3WORD_": "partnerships.shrewd.restoration" }, "geometry": { "type": "Point", "coordinates": [ -13239657.8465, 4035457.322599999606609 ] } },
{ "type": "Feature", "properties": { "FID": 2557, "Campground": "Leo Carrillo Group Camp", "GISID": "GIS0006451", "TYPE": "Developed Group Camp Area", "SUBTYPE": null, "UNITNBR": "540", "DETAIL": "Leo Carrillo Group Camp/ recently flood damaged", "UNITNAME": "Leo Carrillo SP", "SHARE": null, "GlobalID": "{45000D3D-8D9F-405D-8889-9C97D06E14D6}", "WHAT3WORD_": "blazers.salts.broker" }, "geometry": { "type": "Point", "coordinates": [ -13239839.0746, 4036279.329999998211861 ] } },
{ "type": "Feature", "properties": { "FID": 2558, "Campground": "Leo Carrillo Hike and Bike Camp Area", "GISID": "GIS0006452", "TYPE": "Hike/Bike Camp Area", "SUBTYPE": null, "UNITNBR": "540", "DETAIL": "Leo Carrillo Hike and Bike Camp Area", "UNITNAME": "Leo Carrillo SP", "SHARE": null, "GlobalID": "{9DE0CE53-A676-419B-A6FD-C36F61DC6D48}", "WHAT3WORD_": "conclusions.pans.chattered" }, "geometry": { "type": "Point", "coordinates": [ -13239694.136599998921156, 4035156.776699997484684 ] } },
{ "type": "Feature", "properties": { "FID": 2559, "Campground": "Salton Sea Discovery group campsite", "GISID": null, "TYPE": "Developed Group Camp Area", "SUBTYPE": null, "UNITNBR": "623", "DETAIL": "Discovery Group camp- New Camp", "UNITNAME": "Salton Sea SRA", "SHARE": null, "GlobalID": "{05408464-51FF-4742-A11A-D18DEB910C5A}", "WHAT3WORD_": "crush.utterly.naturally" }, "geometry": { "type": "Point", "coordinates": [ -12903321.5898, 3962009.465700000524521 ] } },
{ "type": "Feature", "properties": { "FID": 2560, "Campground": "Kayak Group Camp", "GISID": null, "TYPE": "Primitive Group Camp Area", "SUBTYPE": null, "UNITNBR": "623", "DETAIL": "Kayak Group Camp- Salt Creek Campground", "UNITNAME": "Salton Sea SRA", "SHARE": null, "GlobalID": "{362459D9-F9AE-4929-AFD9-8DE9E5525ED8}", "WHAT3WORD_": "obscures.polka.fudging" }, "geometry": { "type": "Point", "coordinates": [ -12895580.989, 3953794.867399998009205 ] } },
{ "type": "Feature", "properties": { "FID": 2561, "Campground": "Kayak Group Camp", "GISID": null, "TYPE": "Developed Group Camp Area", "SUBTYPE": null, "UNITNBR": "623", "DETAIL": "Kayak Group Camp- Corvina Beach Campground", "UNITNAME": "Salton Sea SRA", "SHARE": null, "GlobalID": "{F2C1D573-E345-4000-B5F6-C46058F7C7C6}", "WHAT3WORD_": "broadened.pimples.truckload" }, "geometry": { "type": "Point", "coordinates": [ -12901177.2424, 3959225.061899997293949 ] } },
{ "type": "Feature", "properties": { "FID": 2562, "Campground": "Mecca Campground", "GISID": null, "TYPE": "Developed Family Camp Area", "SUBTYPE": null, "UNITNBR": "623", "DETAIL": "Campground- Mecca- Full Hookups- 10ea", "UNITNAME": "Salton Sea SRA", "SHARE": null, "GlobalID": "{CB4FCCB7-62AA-4368-9204-176F2B8DD4C5}", "WHAT3WORD_": "tinting.courier.simple" }, "geometry": { "type": "Point", "coordinates": [ -12902105.647, 3960494.912399999797344 ] } },
{ "type": "Feature", "properties": { "FID": 2563, "Campground": "Group Camp", "GISID": "GIS0097924", "TYPE": "Primitive Group Camp Area", "SUBTYPE": null, "UNITNBR": "658", "DETAIL": "near Picacho Cemetery", "UNITNAME": "Picacho SRA", "SHARE": null, "GlobalID": "{994FA94F-7470-459A-8AB1-7776CFFBD240}", "WHAT3WORD_": "tutors.castles.blacked" }, "geometry": { "type": "Point", "coordinates": [ -12759035.7223, 3897942.600000001490116 ] } },
{ "type": "Feature", "properties": { "FID": 2564, "Campground": "Fort Tejon Group Camp", "GISID": "GIS0006520", "TYPE": "Developed Group Camp Area", "SUBTYPE": null, "UNITNBR": "351", "DETAIL": null, "UNITNAME": "Fort Tejon SHP", "SHARE": null, "GlobalID": "{A782715F-9E17-4651-BF7E-6BAB035D59AB}", "WHAT3WORD_": "treasured.file.massing" }, "geometry": { "type": "Point", "coordinates": [ -13235604.7038, 4146444.537100002169609 ] } },
{ "type": "Feature", "properties": { "FID": 2565, "Campground": "Sunrise Sites 7,8,9", "GISID": "GIS0141381", "TYPE": "Environmental Camp Area", "SUBTYPE": null, "UNITNBR": "231", "DETAIL": "East Garrison-Sunrise Sites 7,8,9", "UNITNAME": "Angel Island SP", "SHARE": null, "GlobalID": "{064F0E79-0CA7-4E27-8A94-02BA72A3FA62}", "WHAT3WORD_": "market.stress.food" }, "geometry": { "type": "Point", "coordinates": [ -13628320.943, 4559899.427299998700619 ] } },
{ "type": "Feature", "properties": { "FID": 2566, "Campground": "Eastbay Sites 1, 2, 3", "GISID": "GIS0006389", "TYPE": "Environmental Camp Area", "SUBTYPE": null, "UNITNBR": "231", "DETAIL": "Eastbay Environmental CG-Sites 1, 2, 3", "UNITNAME": "Angel Island SP", "SHARE": null, "GlobalID": "{DB3E3D3D-4555-4367-AB0B-248090B1191D}", "WHAT3WORD_": "supporter.ends.employ" }, "geometry": { "type": "Point", "coordinates": [ -13628302.0187, 4560400.979500003159046 ] } },
{ "type": "Feature", "properties": { "FID": 2567, "Campground": "NORTH GARRISON   -   CAMPSITE-GROUP", "GISID": "GIS0006796", "TYPE": "Developed Family Camp Area", "SUBTYPE": null, "UNITNBR": "231", "DETAIL": "NORTH GARRISON   -   CAMPSITE-GROUP", "UNITNAME": "Angel Island SP", "SHARE": null, "GlobalID": "{7888A2E9-D5D8-4AF4-BAE8-C8DCC3B2F539}", "WHAT3WORD_": "bunks.hooks.gosh" }, "geometry": { "type": "Point", "coordinates": [ -13628362.7991, 4560644.220499999821186 ] } },
{ "type": "Feature", "properties": { "FID": 2568, "Campground": "Kayak Camp (Group)", "GISID": "GIS0006390", "TYPE": "Environmental Camp Area", "SUBTYPE": null, "UNITNBR": "231", "DETAIL": "Kayak Camp (Group)", "UNITNAME": "Angel Island SP", "SHARE": null, "GlobalID": "{2FC67ECF-371E-4D1F-9CDC-20D02243E3C9}", "WHAT3WORD_": "clues.ruins.link" }, "geometry": { "type": "Point", "coordinates": [ -13630016.6728, 4560017.163699999451637 ] } },
{ "type": "Feature", "properties": { "FID": 2569, "Campground": "Ridge Sites 4 ,5, 6", "GISID": "GIS0006391", "TYPE": "Environmental Camp Area", "SUBTYPE": null, "UNITNBR": "231", "DETAIL": "Ridge Site #4", "UNITNAME": "Angel Island SP", "SHARE": null, "GlobalID": "{952DC3B2-6970-4457-A94B-94B6A61581CB}", "WHAT3WORD_": "locked.tells.aims" }, "geometry": { "type": "Point", "coordinates": [ -13629860.714200001209974, 4559390.14469999819994 ] } },
{ "type": "Feature", "properties": { "FID": 2570, "Campground": "Accessible Site 10", "GISID": "GIS0006776", "TYPE": "Environmental Camp Area", "SUBTYPE": null, "UNITNBR": "231", "DETAIL": "Accessible Environmental Camp", "UNITNAME": "Angel Island SP", "SHARE": null, "GlobalID": "{B885AEEC-672A-47CA-A811-829C7D9AAA92}", "WHAT3WORD_": "silly.topic.shuts" }, "geometry": { "type": "Point", "coordinates": [ -13630081.2381, 4559842.32209999859333 ] } },
{ "type": "Feature", "properties": { "FID": 2571, "Campground": "BAT WALLACE   -   ENVIR CAMPSITE", "GISID": "GIS0006797", "TYPE": "Developed Family Camp Area", "SUBTYPE": null, "UNITNBR": "231", "DETAIL": "BAT WALLACE   -   ENVIR CAMPSITE- Site #5", "UNITNAME": "Angel Island SP", "SHARE": null, "GlobalID": "{1338F3D0-F648-45E4-8F01-E765458A61FF}", "WHAT3WORD_": "force.food.rams" }, "geometry": { "type": "Point", "coordinates": [ -13630008.9918, 4559287.501599997282028 ] } },
{ "type": "Feature", "properties": { "FID": 2572, "Campground": "BAT WALLACE   -   ENVIR CAMPSITE", "GISID": "GIS0006795", "TYPE": "Developed Family Camp Area", "SUBTYPE": null, "UNITNBR": "231", "DETAIL": "BAT WALLACE   -   ENVIR CAMPSITE-site #6", "UNITNAME": "Angel Island SP", "SHARE": null, "GlobalID": "{7ED4E7BF-DFC7-4283-A0BE-3CBB9AB75598}", "WHAT3WORD_": "asleep.spoke.handy" }, "geometry": { "type": "Point", "coordinates": [ -13629986.1713, 4559359.831000000238419 ] } },
{ "type": "Feature", "properties": { "FID": 2573, "Campground": "Joshua Tree Campground", "GISID": "GIS0006455", "TYPE": "Developed Family Camp Area", "SUBTYPE": null, "UNITNBR": "543", "DETAIL": "Joshua Tree Campground", "UNITNAME": "Saddleback Butte SP", "SHARE": null, "GlobalID": "{7B447541-B08F-45E7-B475-AFB289872C54}", "WHAT3WORD_": "pincers.plunger.drying" }, "geometry": { "type": "Point", "coordinates": [ -13116247.0552, 4120047.731499999761581 ] } },
{ "type": "Feature", "properties": { "FID": 2574, "Campground": "Joshua Tree Group Campground", "GISID": "GIS0110867", "TYPE": "Developed Group Camp Area", "SUBTYPE": null, "UNITNBR": "543", "DETAIL": "North of Campground- Group camp", "UNITNAME": "Saddleback Butte SP", "SHARE": null, "GlobalID": "{804233E4-8832-43D3-9608-342CB80B4EFD}", "WHAT3WORD_": "pipes.impulses.convergence" }, "geometry": { "type": "Point", "coordinates": [ -13116170.4674, 4120200.964000001549721 ] } },
{ "type": "Feature", "properties": { "FID": 2575, "Campground": "John L. Whitehead Jr. Campground", "GISID": "GIS0006500", "TYPE": "Developed Family Camp Area", "SUBTYPE": null, "UNITNBR": "341", "DETAIL": "John L. Whitehead Jr. Campground", "UNITNAME": "Colonel Allensworth SHP", "SHARE": null, "GlobalID": "{71AE5302-913F-467F-9A5A-B256BEDE822D}", "WHAT3WORD_": "gory.jazzy.picnic" }, "geometry": { "type": "Point", "coordinates": [ -13290713.1951, 4282204.166500002145767 ] } },
{ "type": "Feature", "properties": { "FID": 2576, "Campground": "Ricardo Campground", "GISID": "GIS0006551", "TYPE": "Developed Family Camp Area", "SUBTYPE": null, "UNITNBR": "577", "DETAIL": "Red Rock Canyon CG", "UNITNAME": "Red Rock Canyon SP", "SHARE": null, "GlobalID": "{C292883B-BC46-4CB3-B709-9408C54A4CA8}", "WHAT3WORD_": "multiples.screeched.ferrets" }, "geometry": { "type": "Point", "coordinates": [ -13135094.3356, 4214486.86879999935627 ] } },
{ "type": "Feature", "properties": { "FID": 2577, "Campground": "Sunset SB Group Camp", "GISID": "GIS0006685", "TYPE": "Developed Group Camp Area", "SUBTYPE": null, "UNITNBR": "410", "DETAIL": null, "UNITNAME": "Sunset SB", "SHARE": null, "GlobalID": "{FE2237C1-1D9F-46D2-9CE4-E44E89ED1D19}", "WHAT3WORD_": "sleeveless.exam.benefit" }, "geometry": { "type": "Point", "coordinates": [ -13561848.624200001358986, 4423308.714500002563 ] } },
{ "type": "Feature", "properties": { "FID": 2578, "Campground": "Pine Hollow Campground", "GISID": "GIS0006459", "TYPE": "Developed Family Camp Area", "SUBTYPE": null, "UNITNBR": "410", "DETAIL": "Pine Hollow Campground Sites 38-64", "UNITNAME": "Sunset SB", "SHARE": null, "GlobalID": "{82CD9D77-C981-41A0-B400-88C1171A15B9}", "WHAT3WORD_": "follows.pocketed.average" }, "geometry": { "type": "Point", "coordinates": [ -13562002.4677, 4423545.044399999082088 ] } },
{ "type": "Feature", "properties": { "FID": 2579, "Campground": "Manresa Uplands Campground", "GISID": "GIS0006545", "TYPE": "Developed Family Camp Area", "SUBTYPE": null, "UNITNBR": "416", "DETAIL": "Walk-in only campsites", "UNITNAME": "Manresa SB", "SHARE": null, "GlobalID": "{C71828F3-04A7-449D-8085-0F6CD24ABAAD}", "WHAT3WORD_": "reinstate.sleepless.viewfinder" }, "geometry": { "type": "Point", "coordinates": [ -13564263.0326, 4427619.568499997258186 ] } },
{ "type": "Feature", "properties": { "FID": 2580, "Campground": "Sunset SB Hike/Bike Camp", "GISID": "GIS0006684", "TYPE": "Hike/Bike Camp Area", "SUBTYPE": null, "UNITNBR": "410", "DETAIL": "Pine Hollow/ Sunset SB Hike and Bike campsites", "UNITNAME": "Sunset SB", "SHARE": null, "GlobalID": "{B76A560E-55C0-4B56-869A-9BEF682A4D71}", "WHAT3WORD_": "collapsing.unlucky.rigid" }, "geometry": { "type": "Point", "coordinates": [ -13561942.3552, 4423518.738899998366833 ] } },
{ "type": "Feature", "properties": { "FID": 2581, "Campground": "South Camp", "GISID": "GIS0006768", "TYPE": "Developed Family Camp Area", "SUBTYPE": null, "UNITNBR": "410", "DETAIL": "Various-Campsite Area", "UNITNAME": "Sunset SB", "SHARE": null, "GlobalID": "{650A7736-42B4-4962-B38A-ACB3D8B9A7E6}", "WHAT3WORD_": "antiseptic.serious.someday" }, "geometry": { "type": "Point", "coordinates": [ -13561721.052000001072884, 4422986.10080000013113 ] } },
{ "type": "Feature", "properties": { "FID": 2582, "Campground": "West Ridge Trail Camp", "GISID": "GIS0097916", "TYPE": "Primitive Family Camp Area", "SUBTYPE": null, "UNITNBR": "465", "DETAIL": "No water, fires prohibited", "UNITNAME": "The Forest of Nisene Marks SP", "SHARE": null, "GlobalID": "{4943DC31-F672-407E-A1F7-E489CE674E78}", "WHAT3WORD_": "briefs.hurricanes.deeds" }, "geometry": { "type": "Point", "coordinates": [ -13569265.5079, 4446594.520300000905991 ] } },
{ "type": "Feature", "properties": { "FID": 2583, "Campground": "Dunes Campground", "GISID": "GIS0006459", "TYPE": "Developed Family Camp Area", "SUBTYPE": null, "UNITNBR": "410", "DETAIL": "Dunes Campsite’s #65-90", "UNITNAME": "Sunset SB", "SHARE": null, "GlobalID": "{3CF3170A-45FD-4F19-BD0E-F7268E47CC37}", "WHAT3WORD_": "flats.statues.envelope" }, "geometry": { "type": "Point", "coordinates": [ -13562182.582600001245737, 4423852.642899997532368 ] } },
{ "type": "Feature", "properties": { "FID": 2584, "Campground": "New Brighton Campground", "GISID": "GIS0006432", "TYPE": "Developed Family Camp Area", "SUBTYPE": null, "UNITNBR": "408", "DETAIL": "New Brighton Campground", "UNITNAME": "New Brighton SB", "SHARE": null, "GlobalID": "{1FC1E093-14C8-464F-83FF-6F556398BDD6}", "WHAT3WORD_": "boring.blend.shows" }, "geometry": { "type": "Point", "coordinates": [ -13573419.506, 4436396.751500003039837 ] } },
{ "type": "Feature", "properties": { "FID": 2585, "Campground": "Seacliff Beachfront Campground", "GISID": "GIS0006477", "TYPE": "Developed Family Camp Area", "SUBTYPE": null, "UNITNBR": "409", "DETAIL": "Seacliff Beachfront Campground", "UNITNAME": "Seacliff SB", "SHARE": null, "GlobalID": "{04D88B04-7B85-44FA-B6CB-7E56F95649D8}", "WHAT3WORD_": "crest.reap.buzz" }, "geometry": { "type": "Point", "coordinates": [ -13571898.4365, 4435506.611599996685982 ] } },
{ "type": "Feature", "properties": { "FID": 2586, "Campground": "New Brighton SB Bike Campsite", "GISID": "GIS0006682", "TYPE": "Hike/Bike Camp Area", "SUBTYPE": null, "UNITNBR": "408", "DETAIL": "VARIOUS   -   CAMPSITE AREA", "UNITNAME": "New Brighton SB", "SHARE": null, "GlobalID": "{376CDDA7-EA40-4A74-8D4A-89C6F23BE992}", "WHAT3WORD_": "impose.lied.themes" }, "geometry": { "type": "Point", "coordinates": [ -13573599.7322, 4436272.729400001466274 ] } },
{ "type": "Feature", "properties": { "FID": 2587, "Campground": "New Brighton SB Group Camps", "GISID": "GIS0006683", "TYPE": "Developed Group Camp Area", "SUBTYPE": null, "UNITNBR": "408", "DETAIL": "3 group campsites", "UNITNAME": "New Brighton SB", "SHARE": null, "GlobalID": "{CD97B3CF-4892-40C3-B2CD-6A1A6CF3FDD2}", "WHAT3WORD_": "ample.career.energetic" }, "geometry": { "type": "Point", "coordinates": [ -13573269.2247, 4436377.939000003039837 ] } },
{ "type": "Feature", "properties": { "FID": 2588, "Campground": "New Brighton SB Family Campground", "GISID": "GIS0006798", "TYPE": "Developed Family Camp Area", "SUBTYPE": null, "UNITNBR": "408", "DETAIL": "VARIOUS   -   CAMPSITE AREA", "UNITNAME": "New Brighton SB", "SHARE": null, "GlobalID": "{36378E78-BA70-4E1F-8ADD-DEABB6F9861B}", "WHAT3WORD_": "fault.sprint.power" }, "geometry": { "type": "Point", "coordinates": [ -13573840.182300001382828, 4436287.779200002551079 ] } },
{ "type": "Feature", "properties": { "FID": 2589, "Campground": "Wilder Ranch Horse Camp", "GISID": "GIS0006681", "TYPE": "Horse Camp Area", "SUBTYPE": null, "UNITNBR": "456", "DETAIL": null, "UNITNAME": "Wilder Ranch SP", "SHARE": null, "GlobalID": "{A70A8750-C421-4B5F-A70B-C2BCC71AD8E8}", "WHAT3WORD_": "mistreated.cross.dean" }, "geometry": { "type": "Point", "coordinates": [ -13592355.8419, 4434188.539300002157688 ] } },
{ "type": "Feature", "properties": { "FID": 2590, "Campground": "Henry Cowell Redwoods Campground", "GISID": "GIS0006527", "TYPE": "Developed Family Camp Area", "SUBTYPE": null, "UNITNBR": "418", "DETAIL": "Henry Cowell Redwoods Campground", "UNITNAME": "Henry Cowell Redwoods SP", "SHARE": null, "GlobalID": "{2455DAFD-6D57-49B8-900F-F829D283BB31}", "WHAT3WORD_": "boosted.durations.discarding" }, "geometry": { "type": "Point", "coordinates": [ -13585884.951299998909235, 4443425.879900000989437 ] } },
{ "type": "Feature", "properties": { "FID": 2591, "Campground": "Henry Cowell Redwoods Bike Camp", "GISID": "GIS0006528", "TYPE": "Hike/Bike Camp Area", "SUBTYPE": null, "UNITNBR": "418", "DETAIL": "Henry Cowell Redwoods Bike Camp", "UNITNAME": "Henry Cowell Redwoods SP", "SHARE": null, "GlobalID": "{E8D16065-C168-41F2-8AA9-F962DA36AC5A}", "WHAT3WORD_": "giggles.postponing.tape" }, "geometry": { "type": "Point", "coordinates": [ -13585783.4279, 4443347.094400003552437 ] } },
{ "type": "Feature", "properties": { "FID": 2592, "Campground": "Castle Rock Main Trail Camp", "GISID": "GIS0006655", "TYPE": "Primitive Family Camp Area", "SUBTYPE": null, "UNITNBR": "404", "DETAIL": "primitive camp. table, fire ring at each camp", "UNITNAME": "Castle Rock SP", "SHARE": null, "GlobalID": "{9DCD3BF7-E3E7-44EC-8600-39EFA1ADF3D2}", "WHAT3WORD_": "beginning.curling.whom" }, "geometry": { "type": "Point", "coordinates": [ -13594249.8317, 4472219.085199996829033 ] } },
{ "type": "Feature", "properties": { "FID": 2593, "Campground": "Waterman Gap Trail Camp", "GISID": "GIS0006656", "TYPE": "Walk-in Camp Area", "SUBTYPE": null, "UNITNBR": "404", "DETAIL": "primitive sites, vault toilet, no fires", "UNITNAME": "Castle Rock SP", "SHARE": null, "GlobalID": "{5073B9E3-6906-4F01-A2E5-B838CCFC23DF}", "WHAT3WORD_": "crumbs.having.snippet" }, "geometry": { "type": "Point", "coordinates": [ -13597870.0529, 4468771.437600001692772 ] } },
{ "type": "Feature", "properties": { "FID": 2594, "Campground": "Castle Rock Trail Camp - Frog Flat", "GISID": "GIS0100056", "TYPE": "Hike/Bike Camp Area", "SUBTYPE": null, "UNITNBR": "404", "DETAIL": null, "UNITNAME": "Castle Rock SP", "SHARE": null, "GlobalID": "{49541C6C-682B-4964-9EA9-A8A7067839FD}", "WHAT3WORD_": "ledge.catches.saucepan" }, "geometry": { "type": "Point", "coordinates": [ -13594517.555100001394749, 4472094.642200000584126 ] } },
{ "type": "Feature", "properties": { "FID": 2595, "Campground": "Castle Rock Main Trail Camp", "GISID": "GIS0006655", "TYPE": "Primitive Family Camp Area", "SUBTYPE": null, "UNITNBR": "404", "DETAIL": "primitive camp. table, fire ring at each camp", "UNITNAME": "Castle Rock SP", "SHARE": null, "GlobalID": "{DB4001DD-E72A-4F4A-B538-95FFD3129CDA}", "WHAT3WORD_": "presented.mouthpiece.pavilions" }, "geometry": { "type": "Point", "coordinates": [ -13594329.0912, 4472075.905900001525879 ] } }
]
}
